kdrama_name,imdb_rating,imdb_users,imdb_description
"['historical', 'comedy', 'romance', 'drama']",100,7.8,"3,309"
"['comedy', 'romance', 'life']",12,N/A,N/A
"['food', 'romance', 'drama']",12,7.2,190
"['romance', 'life', 'drama', 'fantasy']",18,8.2,"2,666"
"['romance', 'youth']",1,N/A,N/A
"['thriller', 'mystery', 'drama', 'fantasy']",365,7.9,842
"['food', 'romance', 'drama', 'family']",4,N/A,N/A
"['military', 'historical', 'life', 'drama', 'political']",5,N/A,N/A
"['action', 'comedy', 'romance', 'crime']",7,6.2,154
"['mystery', 'psychological', 'romance', 'medical']",A Beautiful Mind,N/A,N/A
"['romance', 'drama', 'family', 'melodrama']",A Bird That Doesn't Sing,N/A,N/A
"['comedy', 'romance', 'family', 'melodrama']",A Daughter Just Like You,6.8,20
"['comedy', 'romance', 'drama', 'melodrama']",A Gentleman's Dignity,8,"1,454"
"['mystery', 'romance', 'supernatural']",A Girl Who Sees Smells,N/A,N/A
"['comedy', 'romance', 'fantasy', 'supernatural']",A Good Day to Be a Dog,N/A,N/A
"['romance', 'drama', 'melodrama']",A Happy  Woman,N/A,N/A
"['romance', 'drama', 'family']",A Hundred Year Legacy,N/A,N/A
"['horror', 'comedy', 'romance', 'fantasy']",A Korean Odyssey,8,"5,710"
"['romance', 'drama', 'family']",A Little Love Never Hurts,N/A,N/A
"['comedy', 'romance', 'life', 'youth']",A Love So Beautiful,7.3,"1,479"
"['thriller', 'mystery', 'crime', 'drama']",A Model Family,6.6,"1,320"
"['business', 'law', 'drama']",A New Leaf,6.3,86
"['romance', 'life', 'drama', 'melodrama']",A Piece of Your Mind,7.3,952
"['business', 'romance', 'drama', 'melodrama']",A Place in the Sun,6.8,17
"['romance', 'life', 'family', 'melodrama']",A Pledge to God,5.7,38
"['romance', 'life', 'drama', 'medical']",A Poem a Day,7.1,249
"['psychological', 'romance', 'youth', 'drama']",A Shoulder to Cry On,7.4,568
"['thriller', 'mystery', 'psychological', 'drama']",A Superior Day,N/A,N/A
"['romance', 'drama', 'family']",A Tale of Two Sisters,6.8,9
"['romance', 'melodrama']",A Thousand Days' Promise,8.2,94
"['romance', 'drama', 'family']",A Thousand Kisses,7.3,32
"['thriller', 'mystery', 'romance', 'fantasy']",A Time Called You,7.8,"1,730"
"['business', 'comedy', 'romance']",A Witch's Love,7.3,606
"['comedy', 'romance', 'life', 'youth']",A-Teen,7.6,272
"['comedy', 'romance', 'youth', 'drama']",2,N/A,N/A
"['music', 'romance', 'fantasy', 'melodrama']",About Time,6.9,701
"['mystery', 'comedy', 'romance', 'fantasy']",Abyss,7.1,"3,192"
"['business', 'comedy', 'romance', 'drama']",Ad Genius Lee Tae-baek,N/A,N/A
"['thriller', 'mystery', 'drama']",Adamas,7.1,735
"['comedy', 'romance', 'youth']",Adult Trainee,6.8,388
['romance'],"Aeja's Older Sister, Minja",N/A,N/A
"['action', 'thriller', 'mystery', 'supernatural']",Aftermath,6.3,54
"['mystery', 'law', 'drama', 'fantasy']",Again My Life,7.7,"1,367"
"['military', 'historical', 'drama', 'political']",Age of Warriors,N/A,N/A
"['business', 'life', 'drama']",Agency,7.8,429
"['action', 'romance', 'drama']",Air City,N/A,N/A
"['action', 'historical', 'romance', 'fantasy']",Alchemy of Souls,8.8,"13,656"
"['mystery', 'sci-fi', 'fantasy', 'melodrama']",Alice,N/A,N/A
"['comedy', 'romance', 'political']",All About Eve,8.2,20
"['romance', 'drama', 'family', 'melodrama']",All About My Mom,7.7,54
"['comedy', 'romance', 'political']",All About My Romance,7.4,93
"['romance', 'crime', 'drama', 'melodrama']",All In,7.8,413
['romance'],All My Love For You,N/A,N/A
"['action', 'thriller', 'horror', 'sci-fi']",All of Us Are Dead,7.5,"60,424"
"['romance', 'youth']",All That We Loved,N/A,N/A
"['comedy', 'romance', 'life', 'drama']",Alone in Love,8.6,282
"['adventure', 'life', 'fantasy', 'melodrama']",Amanza,N/A,N/A
"['romance', 'drama']",Amor Fati,N/A,N/A
"['comedy', 'romance', 'youth', 'melodrama']",Andante,6.5,251
"['historical', 'mystery']",Ang Shim Jung,N/A,N/A
"['romance', 'medical', 'melodrama']",Angel Eyes,7.3,487
"['romance', 'drama']",Angel's Choice,N/A,N/A
"['comedy', 'romance', 'drama', 'fantasy']",Angel's Last Mission: Love,7.7,"2,824"
"['romance', 'drama', 'melodrama']",Angel's Revenge,6.1,29
"['comedy', 'drama', 'melodrama']",Angry Mom,7.5,621
"['thriller', 'drama']",Anna,7.5,859
"['comedy', 'romance', 'melodrama', 'supernatural']",Another Miss Oh,7.8,"2,205"
"['comedy', 'romance', 'life', 'drama']",Another Peaceful Day of Second-Hand Items,N/A,N/A
"['romance', 'drama']",Apgujeong Midnight Sun,7.7,7
"['romance', 'drama', 'melodrama']",April Kiss,N/A,N/A
"['historical', 'comedy', 'romance', 'supernatural']",Arang and the Magistrate,N/A,N/A
"['comedy', 'romance', 'sci-fi', 'fantasy']",Are You Human?,N/A,N/A
"['mystery', 'drama', 'political']",Argon,7.3,315
"['historical', 'romance', 'fantasy', 'political']",Arthdal Chronicles,8.3,"5,277"
"['thriller', 'mystery', 'psychological', 'drama']",Artificial City,N/A,N/A
"['comedy', 'romance', 'sci-fi']",Ask the Stars,N/A,N/A
"['action', 'romance', 'drama', 'sports']",Asphalt Man,N/A,N/A
"['law', 'drama', 'political']",Assembly,7.3,35
"['comedy', 'romance', 'life', 'drama']",At Eighteen,N/A,N/A
"['romance', 'life', 'youth']","At a Distance, Spring Is Green",7.8,"1,025"
"['drama', 'melodrama']",Autumn Shower,7.1,9
"['comedy', 'life', 'drama']",Avengers Social Club,8.1,221
"['thriller', 'mystery', 'crime', 'fantasy']",Awaken,7.5,971
"['mystery', 'business', 'law', 'romance']",Babel,6.5,62
"['business', 'comedy', 'romance']",Baby Faced Beauty,6.7,115
"['thriller', 'mystery', 'drama']",Babysitter,N/A,N/A
"['comedy', 'romance', 'drama', 'melodrama']",Bachelor's Vegetable Store,7.7,93
"['action', 'business', 'comedy', 'romance']",Backstreet Rookie,7.5,"3,872"
"['action', 'thriller', 'mystery', 'comedy']",Bad and Crazy,8,"3,559"
"['action', 'mystery', 'crime', 'political']",Bad Guy,N/A,N/A
"['action', 'thriller', 'psychological', 'crime']",Bad Guys,7.8,"1,785"
"['action', 'mystery', 'crime', 'political']",2,N/A,N/A
"['comedy', 'romance', 'drama']",Bad Housewife,7.7,9
"['adventure', 'romance', 'drama', 'sports']",Bad Papa,7.2,142
"['action', 'mystery', 'comedy', 'law']",Bad Prosecutor,7.5,998
"['thriller', 'comedy', 'law', 'romance']","Bad Thief, Good Thief",8.2,101
['drama'],"Bad Woman, Good Woman",N/A,N/A
"['historical', 'romance']",Ballad of Seodong,N/A,N/A
"['romance', 'drama', 'melodrama']",Band of Sisters,8.3,35
"['romance', 'drama']",Banjun Drama,N/A,N/A
"['historical', 'romance', 'drama', 'sports']",Basketball,5.3,30
"['thriller', 'mystery', 'drama']",Battle for Happiness,N/A,N/A
"['comedy', 'romance', 'life', 'melodrama']",Be Melodramatic,N/A,N/A
"['comedy', 'romance', 'drama', 'family']",Be My Dream Family,N/A,N/A
"['comedy', 'romance', 'drama']",Be Positive,N/A,N/A
"['comedy', 'romance', 'drama', 'family']","Be Strong, Geum-soon!",8.1,17
"['business', 'comedy', 'romance', 'drama']",Beating Again,N/A,N/A
"['romance', 'life', 'drama']",Beating Heart,8,26
"['romance', 'drama']",Beautiful Days,8,95
"['comedy', 'romance', 'drama']",Beautiful Gong Shim,7.3,"1,076"
"['comedy', 'romance', 'drama', 'melodrama']","Beautiful Love, Wonderful Life",7.6,81
"['thriller', 'mystery', 'life', 'melodrama']",Beautiful World,8,184
"['comedy', 'romance', 'life', 'drama']",Because This Is My First Life,8.1,"6,550"
"['comedy', 'romance', 'life', 'drama']",Because This Is My First Twenty,N/A,N/A
"['comedy', 'romance', 'drama']",Becky's Back,N/A,N/A
"['mystery', 'comedy']",Becoming Witch,7,71
"['comedy', 'romance', 'life']",Behind Every Star,6.8,227
"['business', 'drama', 'medical', 'political']",Behind the White Tower,8.3,16
"['mystery', 'comedy', 'romance', 'supernatural']",Behind Your Touch,7.3,795
"['comedy', 'romance', 'drama', 'family']",Bel Ami,N/A,N/A
"['food', 'business', 'comedy', 'romance']",Best Chicken,6.2,50
"['thriller', 'mystery', 'psychological', 'drama']",Beyond Evil,8.1,"4,616"
"['thriller', 'romance', 'crime', 'drama']",Beyond the Clouds,7.6,84
"['comedy', 'romance', 'youth', 'fantasy']",Big,N/A,N/A
"['action', 'crime', 'drama']",Big Bet,7.2,597
"['thriller', 'mystery', 'romance', 'drama']",Big Issue,7.6,87
"['thriller', 'business', 'drama', 'melodrama']",Big Man,6.9,105
"['thriller', 'mystery', 'law', 'drama']",Big Mouth,7.9,"5,098"
"['thriller', 'mystery', 'law', 'drama']",Big Thing,N/A,N/A
"['comedy', 'romance']","Billie Jean, Look at Me",N/A,N/A
"['romance', 'sports']",Birdie Buddy,N/A,N/A
"['comedy', 'romance', 'drama', 'melodrama']",Birth of a Beauty,7,"1,083"
"['comedy', 'life', 'drama', 'melodrama']",Birthcare Center,7.5,300
"['romance', 'youth', 'fantasy']",Bitter Sweet Life,N/A,N/A
"['comedy', 'romance', 'drama']",Bizarre Bunch,N/A,N/A
"['thriller', 'mystery', 'supernatural']",Black,7.8,"4,393"
"['comedy', 'life', 'drama']",Black Dog: Being A Teacher,N/A,N/A
"['action', 'adventure', 'drama', 'sci-fi']",Black Knight,6.6,516
"['romance', 'drama', 'fantasy', 'melodrama']",Black Knight: The Man Who Guards Me,N/A,N/A
"['comedy', 'romance', 'drama', 'supernatural']",Blade Man,6.3,395
"['comedy', 'romance', 'melodrama']",Blessing of the Sea,N/A,N/A
"['thriller', 'mystery', 'drama']",Blind,8,"1,019"
"['action', 'romance', 'medical', 'supernatural']",Blood,6.6,"1,005"
"['historical', 'romance', 'drama', 'political']",Blooded Palace: The War of Flowers,N/A,N/A
"['action', 'thriller', 'crime', 'drama']",Bloodhounds,8.1,"9,020"
"['historical', 'drama', 'political']",Bloody Heart,7.4,337
"['military', 'romance', 'drama']",Bloody Romance,N/A,N/A
"['romance', 'drama', 'family']",Blossom Sisters,N/A,N/A
"['law', 'romance', 'drama', 'melodrama']",Blow Breeze,7.1,31
"['thriller', 'romance', 'drama', 'fantasy']",Blue Birthday,N/A,N/A
"['action', 'romance']",Bodyguard,N/A,N/A
"['comedy', 'romance', 'life', 'melodrama']",Bo-ra! Deborah,N/A,N/A
"['mystery', 'romance', 'fantasy', 'melodrama']",Born Again,6.7,356
"['historical', 'romance', 'life', 'drama']",Bossam: Steal the Fate,7.4,261
"['comedy', 'romance', 'youth', 'drama']",Boys Over Flowers,7.8,"13,573"
"['romance', 'drama', 'medical']",Brain,8.2,76
"['mystery', 'comedy']",Brain Works,N/A,N/A
"['drama', 'family']",Bravo My Life,6.4,13
"['drama', 'family']","Bravo, My Life",N/A,N/A
"['comedy', 'romance', 'melodrama']","Bravo, My Love!",N/A,N/A
"['comedy', 'romance', 'drama', 'fantasy']","Bread, Love and Dreams",N/A,N/A
"['action', 'historical', 'romance', 'political']",Bridal Mask,8.2,707
"['mystery', 'comedy', 'romance', 'supernatural']",Bride of the Century,7,582
"['romance', 'drama', 'family']",Bride of the Sun,N/A,N/A
"['comedy', 'romance', 'family', 'melodrama']",Brilliant Heritage,7.6,19
"['comedy', 'romance', 'family', 'melodrama']",Brilliant Legacy,N/A,N/A
"['horror', 'comedy', 'romance', 'supernatural']","Bring It On, Ghost",7.6,"3,074"
"['comedy', 'romance', 'drama']",Bubble Gum,N/A,N/A
"['business', 'romance', 'drama', 'melodrama']",Bubbly Lovely,N/A,N/A
"['thriller', 'mystery', 'drama', 'fantasy']",Bulgasal: Immortal Souls,N/A,N/A
"['comedy', 'romance', 'drama']",Business Proposal,8.1,"19,533"
"['music', 'drama']",Café Minamdang,N/A,N/A
"['romance', 'drama', 'melodrama']",Call It Love,7.8,912
"['romance', 'drama', 'family']","Can We Fall in Love, Again?",N/A,N/A
"['romance', 'life', 'drama']",Can We Get Married?,6.5,128
"['comedy', 'law', 'romance', 'life']",Can't Lose,7.3,13
"['romance', 'drama', 'family']",Can't Stand Anymore,N/A,N/A
"['historical', 'comedy', 'romance', 'drama']",Capital Scandal,7.9,87
"['thriller', 'mystery', 'comedy', 'romance']",Catch the Ghost,7.5,499
"['thriller', 'mystery', 'drama']",Celebrity,7.4,"3,856"
"['thriller', 'mystery', 'comedy', 'romance']",Cheat on Me If You Can,N/A,N/A
"['mystery', 'comedy', 'romance', 'youth']",Cheer Up,6.9,546
"['mystery', 'comedy', 'romance', 'youth']",Cheer Up!,N/A,N/A
['drama'],"Cheer Up, Mr. Kim!",N/A,N/A
"['psychological', 'romance', 'life', 'drama']",Cheese in the Trap,7.2,"4,510"
"['comedy', 'romance', 'drama', 'melodrama']",Cheongdam-dong Alice,6.4,280
"['mystery', 'romance', 'drama', 'melodrama']",Cheongdam-dong Scandal,N/A,N/A
"['mystery', 'drama', 'supernatural']",Cheo Yong,N/A,N/A
"['comedy', 'romance', 'supernatural', 'political']",Chicago Typewriter,8.3,"1,990"
"['thriller', 'mystery', 'comedy', 'fantasy']",Chicken Nugget,N/A,N/A
"['law', 'drama', 'political']",Chief of Staff,7.8,682
"['thriller', 'mystery', 'supernatural']",Children of a Lesser God,7,154
"['thriller', 'mystery', 'psychological', 'drama']",Children of Nobody,7.8,290
"['comedy', 'romance', 'life']",20,N/A,N/A
"['thriller', 'mystery']",Chimera,7.4,429
"['thriller', 'mystery', 'comedy', 'melodrama']",Chip In,7.4,75
"['business', 'comedy', 'romance', 'drama']",Choco Bank,6.2,160
"['romance', 'life', 'medical', 'melodrama']",Chocolate,7.6,"1,474"
"['romance', 'melodrama']",Chunja's Special Day,N/A,N/A
"['romance', 'family', 'melodrama']",Cinderella Man,6.3,115
"['comedy', 'romance', 'drama']",Cinderella with Four Knights,N/A,N/A
"['comedy', 'romance', 'drama']",Cinderella's Stepsister,N/A,N/A
"['thriller', 'mystery', 'sci-fi']",Circle,8,501
"['romance', 'life', 'youth', 'drama']",City Conquest,N/A,N/A
"['action', 'thriller', 'crime']",City Hunter,8.1,"6,369"
"['mystery', 'law', 'drama', 'melodrama']",City of the Sun,N/A,N/A
"['thriller', 'mystery', 'law', 'youth']",Class of Lies,7.8,592
"['business', 'comedy', 'romance', 'drama']",Clean with Passion for Now,7,"2,113"
"['comedy', 'crime', 'drama']",Cleaning Up,7.7,82
"['comedy', 'romance', 'fantasy']",Coffee House,6.6,96
"['food', 'comedy', 'romance', 'drama']",Coffee Prince,N/A,N/A
"['comedy', 'romance', 'fantasy']","Coffee, Do Me a Favor",N/A,N/A
"['mystery', 'romance', 'drama', 'supernatural']",Color Rush,6.9,"1,291"
"['thriller', 'horror', 'supernatural']",Coma,6.9,60
"['thriller', 'mystery', 'romance', 'melodrama']",Come and Hug Me,7.8,"1,307"
"['comedy', 'romance', 'drama', 'supernatural']",Come Back Mister,N/A,N/A
"['thriller', 'mystery', 'law', 'drama']",Confession,7.7,268
"['mystery', 'youth']",Connect,6.5,"1,578"
"['historical', 'drama']",Conspiracy in the Court,7.2,11
"['food', 'comedy', 'romance']","Cool Guys, Hot Ramen",N/A,N/A
"['comedy', 'romance']",Couple or Trouble,N/A,N/A
"['thriller', 'mystery', 'comedy', 'romance']",Crash Course in Romance,7.8,"3,551"
"['military', 'comedy', 'romance', 'political']",Crash Landing on You,8.7,"36,866"
"['romance', 'drama', 'family', 'melodrama']",Crazy Love,7.3,"1,268"
"['drama', 'medical']",Creating Destiny,6.8,85
"['action', 'mystery', 'drama']",Criminal Minds,6.6,513
"['thriller', 'mystery', 'medical']",Cross,7.3,105
"['historical', 'romance', 'melodrama', 'political']",Cruel Love,N/A,N/A
"['business', 'comedy', 'romance']",Cunning Single Lady,7.5,"1,001"
"['romance', 'life', 'drama', 'family']",Curtain Call,N/A,N/A
"['romance', 'drama', 'medical']",D-Day,7.7,333
"['action', 'military', 'drama']",D.P.,8.2,"8,146"
"['food', 'comedy', 'romance', 'supernatural']",Dae Jang Geum Is Watching,N/A,N/A
"['historical', 'war']",Dae Jo-yeong,N/A,N/A
"['historical', 'drama']",Daemyeong,N/A,N/A
"['drama', 'medical']",Daily Dose of Sunshine,N/A,N/A
"['business', 'comedy', 'romance', 'drama']",Dal-ja's Spring,N/A,N/A
"['comedy', 'romance', 'drama']",Dali & Cocky Prince,N/A,N/A
"['historical', 'mystery', 'romance', 'martial arts']",Damo,N/A,N/A
"['business', 'romance', 'drama', 'melodrama']",Dangerous Woman,N/A,N/A
['romance'],Daring Women,N/A,N/A
"['action', 'thriller', 'horror', 'sci-fi']",Dark Hole,6.1,534
"['comedy', 'romance', 'drama']",Dating Agency: Cyrano,6.9,218
"['life', 'drama', 'melodrama']",Dear Archimedes,N/A,N/A
"['romance', 'drama', 'melodrama']",Dear Heaven,N/A,N/A
"['life', 'drama', 'melodrama']",Dear My Friends,N/A,N/A
"['romance', 'drama']",Dear X Who Doesn't Love Me,6.5,62
"['romance', 'drama']",Dear. M,7.2,432
"['historical', 'mystery', 'political']",Deep Rooted Tree,N/A,N/A
['romance'],Definitely Neighbors,N/A,N/A
"['mystery', 'comedy', 'law', 'melodrama']",Delayed Justice,7.1,46
"['food', 'comedy', 'romance']",Delicious Proposal,7.3,36
"['comedy', 'crime', 'drama']",Delightfully Deceitful,7.2,310
"['action', 'comedy', 'martial arts', 'sci-fi']",Delivery,N/A,N/A
"['mystery', 'comedy', 'romance', 'supernatural']",Delivery Man,7,252
"['action', 'comedy', 'romance', 'melodrama']",Descendants of the Sun,8.2,"19,806"
"['thriller', 'mystery', 'drama', 'political']",60,8.1,"1,599"
"['comedy', 'romance', 'drama', 'fantasy']",Destined With You,8,774
"['action', 'thriller', 'mystery', 'drama']",Detectives in Trouble,N/A,N/A
"['comedy', 'romance', 'drama']",Devilish Charm,N/A,N/A
"['action', 'historical', 'romance', 'supernatural']",Diary of a Night Watchman,6.1,161
"['mystery', 'law', 'life', 'drama']",Diary of a Prosecutor,8,380
"['romance', 'life', 'drama']",Did We Really Love?,N/A,N/A
"['action', 'historical', 'romance', 'medical']",Different Dreams,7.9,64
"['comedy', 'romance', 'life', 'drama']",Dinner Mate,7.5,542
"['comedy', 'romance', 'drama']",Discovery of Love,7.1,328
"['thriller', 'mystery', 'law']",Distorted,N/A,N/A
"['music', 'comedy', 'romance', 'life']",Diva of the Deserted Island,N/A,N/A
"['law', 'drama']",Divorce Attorney Shin,7.4,749
"['comedy', 'law', 'romance']",Divorce Lawyer in Love,6.8,119
"['music', 'comedy', 'romance', 'melodrama']",Do Do Sol Sol La La Sol,N/A,N/A
"['music', 'romance', 'drama', 'melodrama']",Do You Like Brahms?,7.6,"1,204"
"['thriller', 'mystery', 'drama', 'medical']",Doctor Detective,6.8,40
"['mystery', 'romance', 'life', 'medical']",Doctor Doctor,N/A,N/A
"['mystery', 'romance', 'life', 'medical']",Doctor John,8.1,"1,844"
"['thriller', 'law', 'drama', 'medical']",Doctor Lawyer,7.2,568
"['thriller', 'law', 'crime', 'medical']",Doctor Prisoner,7.6,"1,000"
"['comedy', 'romance', 'drama', 'medical']",Doctor Slump,N/A,N/A
"['thriller', 'romance', 'drama', 'medical']",Doctor Stranger,7.4,"3,295"
"['action', 'crime', 'youth']",Dokgo Rewind,N/A,N/A
"['romance', 'family']",Don't Cry My Love,N/A,N/A
"['comedy', 'romance']",Don't Dare to Dream,7.8,"1,664"
"['romance', 'drama']",Don't Hesitate,6.9,9
"['thriller', 'romance', 'drama', 'melodrama']",Don't Look Back: The Legend of Orpheus,7.5,258
"['comedy', 'romance', 'drama', 'fantasy']",Doom at Your Service,7.9,"6,107"
"['comedy', 'romance', 'youth', 'drama']",Doona!,N/A,N/A
['drama'],Drama City: What Should I Do?,N/A,N/A
['youth'],Puberty Medley,N/A,N/A
"['action', 'drama']","Rock, Rock, Rock",N/A,N/A
['drama'],White Christmas,N/A,N/A
"['romance', 'drama', 'family', 'melodrama']",The Apartment Is Beautiful,N/A,N/A
"['romance', 'sports', 'melodrama']",Dream,5.8,20
"['music', 'comedy', 'romance', 'youth']",Dream High,7.6,"3,339"
"['music', 'comedy', 'romance', 'youth']",2,N/A,N/A
"['historical', 'drama']",Dream of the Emperor,N/A,N/A
"['food', 'comedy', 'romance']",Drinking Solo,6.9,254
"['thriller', 'mystery', 'sci-fi', 'medical']",Dr. Brain,6.7,"2,716"
"['mystery', 'psychological', 'drama', 'medical']",Dr. Frost,N/A,N/A
['romance'],Dr. Ian,N/A,N/A
"['historical', 'romance', 'medical', 'fantasy']",Dr. Jin,6.5,270
"['action', 'thriller', 'romance', 'medical']",Dr. Kkang,N/A,N/A
"['comedy', 'medical']",Dr. Park's Clinic,N/A,N/A
"['romance', 'drama', 'medical']",Dr. Romantic,8.4,"3,826"
"['thriller', 'mystery', 'sci-fi']",Duel,7.6,296
"['comedy', 'drama', 'family', 'melodrama']",Dummy Mommy,N/A,N/A
"['action', 'thriller', 'drama', 'sci-fi']",Duty After School,N/A,N/A
"['food', 'comedy', 'romance', 'melodrama']",Eccentric! Chef Moon,7.2,81
"['historical', 'mystery', 'drama']","Eight Days, Assassination Attempts against King Jeongjo",N/A,N/A
"['comedy', 'romance', 'life', 'drama']","Eighteen, Twenty-Nine",N/A,N/A
"['comedy', 'romance', 'drama', 'medical']",Emergency Couple,7.4,"1,812"
"['action', 'historical', 'drama', 'war']",Emperor of the Sea,8,"1,375"
"['business', 'drama']",Empire of Gold,7.8,50
"['historical', 'romance', 'melodrama', 'political']",Empress Cheonchu,N/A,N/A
"['historical', 'romance', 'melodrama', 'political']",Empress Ki,N/A,N/A
"['historical', 'drama']",Empress Myeongseong,8.6,13
"['romance', 'family', 'melodrama']",Enchanting Neighbor,N/A,N/A
['drama'],Encounter,7.6,"2,093"
"['action', 'romance', 'drama', 'melodrama']",Endless Love,7.2,41
"['action', 'romance', 'drama', 'melodrama']",Endless Love Series,N/A,N/A
"['romance', 'melodrama']",Spring Waltz,N/A,N/A
"['romance', 'melodrama']",Summer Scent,6.9,228
"['romance', 'family', 'melodrama']",Enemies from the Past,6.2,9
"['music', 'business', 'comedy', 'drama']",Entertainer,6.6,380
"['business', 'comedy', 'drama']",Entourage,5.4,170
"['action', 'tokusatsu', 'sci-fi', 'fantasy']",Erexion,N/A,N/A
"['romance', 'drama', 'melodrama']",Eve,7.4,"1,033"
"['comedy', 'romance', 'fantasy']",Evergreen,N/A,N/A
['drama'],Everybody Say Kimchi,N/A,N/A
"['music', 'comedy', 'romance']",Exo Next Door,7,"1,660"
"['psychological', 'crime', 'youth', 'drama']",Extracurricular,7.6,"8,534"
"['law', 'romance', 'life', 'drama']",Extraordinary Attorney Woo,8.6,"22,458"
"['comedy', 'romance', 'youth', 'fantasy']",Extraordinary You,7.8,"4,346"
"['comedy', 'romance', 'drama']",Ex-Girlfriends' Club,N/A,N/A
"['action', 'historical', 'romance', 'drama']",Eyes of Dawn,N/A,N/A
"['historical', 'romance', 'medical', 'supernatural']",Faith,N/A,N/A
"['comedy', 'romance', 'drama']",Falling for Challenge,N/A,N/A
"['comedy', 'romance', 'drama', 'fantasy']",Familiar Wife,7.6,"1,435"
"['drama', 'family']",Family,6.4,268
"['drama', 'family', 'melodrama']",Family Secret,N/A,N/A
"['comedy', 'romance', 'drama']",Family's Honor,8.4,30
"['action', 'thriller', 'comedy', 'drama']",Family: The Unbreakable Bond,N/A,N/A
"['comedy', 'romance']",Fanletter Please,N/A,N/A
"['comedy', 'romance', 'drama', 'medical']",Fantastic,7.3,155
"['romance', 'drama', 'family', 'melodrama']",70,N/A,N/A
"['romance', 'drama', 'melodrama']",Fashion King,5.8,272
"['romance', 'drama', 'family', 'melodrama']",Fatal Promise,N/A,N/A
"['romance', 'drama', 'melodrama']",Fates & Furies,N/A,N/A
"['romance', 'drama', 'melodrama']","Father, I'll Take Care of You",7.9,81
"['drama', 'family']",Father's House,N/A,N/A
"['comedy', 'romance', 'drama', 'melodrama']",Feast of the Gods,7.4,39
"['comedy', 'romance', 'drama', 'fantasy']",Feel Good to Die,N/A,N/A
"['business', 'comedy', 'romance', 'sports']",Fight for My Way,8.1,"8,178"
"['romance', 'drama', 'melodrama']",Find Me in Your Memory,7.4,"1,047"
['romance'],Fireworks,N/A,N/A
"['comedy', 'romance', 'fantasy']",First Love Again,7.8,13
"['historical', 'romance', 'drama']",First Love of a Royal Prince,N/A,N/A
"['romance', 'family']",First Wives' Club,N/A,N/A
"['comedy', 'romance', 'drama', 'melodrama']",Five Enough,N/A,N/A
"['music', 'romance', 'melodrama']",Five Fingers,7.1,153
['drama'],Flames of Desire,7.1,18
"['music', 'romance', 'youth']",Flower Band,N/A,N/A
"['historical', 'comedy', 'romance', 'drama']",Flower Crew: Joseon Marriage Agency,7.1,511
"['mystery', 'comedy']",Flower Grandpa Investigation Unit,N/A,N/A
"['thriller', 'romance', 'crime', 'melodrama']",Flower of Evil,8.6,"11,829"
"['comedy', 'romance', 'drama']",Flower of Queen,N/A,N/A
['melodrama'],Flower of Revenge,N/A,N/A
"['historical', 'mystery', 'comedy', 'drama']",Flower That Blooms at Night,N/A,N/A
"['historical', 'law', 'drama', 'melodrama']",Flowers of the Prison,N/A,N/A
"['life', 'drama']",Fly High Butterfly,8.3,50
"['romance', 'drama', 'melodrama']",Forecasting Love and Weather,N/A,N/A
"['business', 'psychological', 'romance', 'medical']",Forest,N/A,N/A
"['comedy', 'romance', 'life', 'drama']",Forever Young,N/A,N/A
['historical'],Foundation of the Kingdom,N/A,N/A
"['romance', 'drama']",Four Sisters,N/A,N/A
"['action', 'historical']","Freedom Fighter, Lee Hoe-young",N/A,N/A
"['comedy', 'romance']",Freeze,N/A,N/A
"['mystery', 'comedy', 'romance', 'fantasy']","From Now On, Showtime!",7.3,542
"['comedy', 'romance', 'drama', 'martial arts']",Full House,7.8,"3,711"
"['comedy', 'romance', 'drama', 'martial arts']",2,N/A,N/A
"['psychological', 'romance', 'youth', 'drama']",Gangnam Beauty,N/A,N/A
"['business', 'comedy', 'romance', 'melodrama']",Gangnam Scandal,6.3,17
"['thriller', 'mystery', 'drama']",Gap-dong,N/A,N/A
"['business', 'comedy', 'romance', 'life']",Gaus Electronics,7.9,516
"['mystery', 'drama']",Get Revenge,7.3,87
"['life', 'youth']",Get Up,N/A,N/A
"['comedy', 'medical', 'fantasy', 'supernatural']",Ghost Doctor,7.9,"1,946"
"['mystery', 'romance', 'youth', 'drama']",1979,7.4,100
"['romance', 'drama', 'melodrama', 'political']",Glamorous Temptation,6.5,43
"['romance', 'drama']",Glass Castle,N/A,N/A
"['psychological', 'drama', 'melodrama']",Glass Mask,8.1,43
"['romance', 'melodrama']",Glass Slippers,7.7,90
"['thriller', 'mystery', 'comedy', 'sci-fi']",Glitch,6.1,"1,086"
"['thriller', 'drama', 'melodrama']",Gloria,6.9,30
"['comedy', 'romance', 'drama']",Glorious Day,7.2,33
"['romance', 'drama']",Glory Jane,7.3,55
"['comedy', 'romance', 'life', 'fantasy']",Go Back,N/A,N/A
"['military', 'adventure', 'historical', 'drama']",God of War,N/A,N/A
"['historical', 'romance', 'drama']",Goddess of Fire,7.2,126
"['comedy', 'romance', 'drama']",Goddess of Marriage,7.7,36
"['thriller', 'mystery', 'drama', 'supernatural']",14,7.9,571
"['business', 'comedy', 'romance', 'drama']","Gogh, The Starry Night",N/A,N/A
"['drama', 'melodrama']",Gold Mask,N/A,N/A
"['romance', 'drama']",Golden Apple,N/A,N/A
"['comedy', 'romance', 'drama', 'melodrama']",Golden Bride,N/A,N/A
"['thriller', 'romance', 'drama', 'melodrama']",Golden Cross,7.1,48
"['romance', 'drama', 'melodrama']",Golden Fish,N/A,N/A
"['food', 'romance', 'drama', 'melodrama']",Golden Pouch,8.2,27
"['romance', 'drama', 'melodrama']",Golden Rainbow,N/A,N/A
"['comedy', 'romance', 'medical']",Golden Time,8,102
"['action', 'mystery', 'comedy', 'crime']",Good Casting,7.1,143
"['romance', 'life', 'drama', 'medical']",Good Doctor,8,"2,167"
"['mystery', 'comedy', 'romance', 'fantasy']",Good Job,6.9,302
"['romance', 'family']","Good Job, Good Job",N/A,N/A
"['business', 'comedy', 'crime', 'drama']",Good Manager,7.9,"1,425"
"['comedy', 'romance']",Goodbye Dear Wife,N/A,N/A
"['thriller', 'psychological', 'drama', 'sci-fi']",Goodbye Earth,N/A,N/A
"['thriller', 'business', 'romance', 'drama']",Goodbye Mr. Black,7.1,231
"['romance', 'drama']",Goodbye My Love,N/A,N/A
"['romance', 'life']",Goodbye Solo,N/A,N/A
"['romance', 'life', 'drama', 'melodrama']",Goodbye to Goodbye,7.6,74
"['thriller', 'mystery', 'drama', 'melodrama']",Graceful Family,7.6,421
"['mystery', 'life', 'drama']",Graceful Friends,6.8,181
"['romance', 'drama', 'melodrama']",Gracious Revenge,7.8,19
"['historical', 'romance', 'drama', 'political']",Grand Prince,7.4,186
"['mystery', 'drama']",Green Mothers' Club,N/A,N/A
"['thriller', 'mystery']",Green Rose,7.4,108
"['action', 'thriller', 'mystery', 'sci-fi']",Grid,N/A,N/A
"['action', 'historical', 'romance', 'fantasy']",Gu Family Book,N/A,N/A
"['comedy', 'romance', 'life', 'drama']",Guardian Angel,N/A,N/A
"['comedy', 'romance', 'fantasy', 'melodrama']",Guardian: The Lonely and Great God,8.6,"25,534"
"['action', 'historical', 'romance', 'melodrama']",Gunman in Joseon,7,401
"['historical', 'political']","Gwanggaeto, The Great Conqueror",7.9,130
"['historical', 'romance', 'drama']",Gyebaek,N/A,N/A
"['action', 'thriller', 'historical', 'sci-fi']",Gyeongseong Creature,N/A,N/A
"['action', 'adventure', 'historical', 'political']",Haechi,7.6,332
"['business', 'comedy', 'romance', 'drama']",Happiness,7.9,"8,050"
"['romance', 'drama']",Happiness in the Wind,N/A,N/A
"['drama', 'family']",Happy Ending,8,10
"['romance', 'drama', 'melodrama']",Happy Home,N/A,N/A
"['romance', 'melodrama']",Happy Sisters,7.9,8
"['romance', 'drama', 'melodrama']",Happy Together,7.5,39
"['thriller', 'mystery', 'romance', 'supernatural']",He Is Psychometric,7.7,"2,103"
"['action', 'thriller', 'mystery', 'romance']",Healer,8.5,"10,031"
"['comedy', 'romance', 'melodrama']",Heard It Through the Grapevine,7.8,98
"['action', 'life', 'drama', 'medical']",Heart Surgeons,7.6,73
"['psychological', 'comedy', 'romance']",Heart to Heart,7.3,184
"['comedy', 'romance', 'fantasy']",Heartbeat,7.1,"1,530"
"['action', 'thriller', 'romance', 'crime']",Heartless City,8,519
"['horror', 'comedy', 'romance', 'supernatural']",Hearts and Hari,N/A,N/A
"['music', 'romance', 'youth', 'drama']",Heartstrings,N/A,N/A
"['thriller', 'horror', 'psychological', 'drama']",Hell Is Other People,7.8,"6,294"
"['mystery', 'horror', 'drama', 'supernatural']",Hellbound,6.6,"27,320"
"['comedy', 'supernatural', 'sitcom']",Hello Franceska,N/A,N/A
"['thriller', 'mystery', 'psychological', 'drama']",Hello Monster,7.7,"1,692"
"['comedy', 'romance', 'life', 'fantasy']","Hello, Me!",7.3,811
"['mystery', 'comedy', 'romance', 'life']","Hello, My Twenties!",N/A,N/A
"['business', 'comedy', 'romance', 'drama']",Her Private Life,7.7,"5,674"
"['comedy', 'romance', 'drama', 'family']",Here Comes Mr. Oh,8.3,7
"['romance', 'drama']",Here's My Plan,N/A,N/A
"['action', 'fantasy', 'supernatural']",Hero,4.8,11
"['drama', 'family', 'melodrama', 'supernatural']","Hi Bye, Mama!",7.9,"2,009"
"['romance', 'youth', 'fantasy']",Hi! School: Love On,N/A,N/A
"['mystery', 'drama']",Hidden Identity,6.6,137
"['romance', 'drama', 'melodrama']",Hide and Seek,6.9,56
"['thriller', 'mystery', 'drama']",High Class,6.7,148
"['comedy', 'romance', 'drama']",High End Crush,N/A,N/A
"['comedy', 'romance', 'drama', 'sitcom']",High Kick Through the Roof,N/A,N/A
"['comedy', 'romance', 'drama', 'sitcom']",High Kick!,8.4,467
"['comedy', 'romance', 'drama', 'sitcom']",High Kick: Revenge of the Short Legged,N/A,N/A
"['comedy', 'romance', 'sports']",High School King of Savvy,7.1,446
"['business', 'comedy', 'romance', 'melodrama']",High Society,6.7,572
"['mystery', 'comedy', 'melodrama', 'political']",History of a Salaryman,N/A,N/A
"['comedy', 'romance', 'life', 'drama']",Hit the Top,N/A,N/A
"['comedy', 'romance', 'youth', 'melodrama']",Hogu's Love,N/A,N/A
"['romance', 'drama', 'family', 'melodrama']",Hold Me Tight,N/A,N/A
"['romance', 'drama', 'family', 'melodrama']",Hold My Hand,N/A,N/A
"['romance', 'drama', 'melodrama']",Home for Summer,6.9,16
"['comedy', 'romance', 'drama']",Homemade Love Story,7.4,52
"['thriller', 'historical', 'mystery', 'horror']",Hometown,6.1,244
"['comedy', 'romance', 'life', 'drama']",Hometown Cha-Cha-Cha,8.4,"17,281"
"['action', 'historical', 'romance', 'drama']",Hong Gil-dong,N/A,N/A
"['romance', 'drama']",Hong Kong Express,N/A,N/A
"['romance', 'life', 'drama', 'medical']",Hospital Playlist,8.8,"6,860"
"['romance', 'drama', 'medical']",Hospital Ship,6.8,418
"['drama', 'sports', 'melodrama']",Hot Stove League,N/A,N/A
"['horror', 'comedy', 'romance', 'fantasy']",Hotel del Luna,8.1,"11,954"
"['business', 'romance', 'drama', 'melodrama']",Hotel King,7,489
"['business', 'romance', 'drama']",Hotelier,7.3,200
"['comedy', 'romance', 'drama']",House of Bluebird,N/A,N/A
"['food', 'romance', 'drama', 'fantasy']",How Are U Bread,N/A,N/A
"['romance', 'drama', 'family', 'melodrama']",How Long I've Kissed,N/A,N/A
"['comedy', 'romance', 'drama']",How to Be Thirty,N/A,N/A
"['mystery', 'comedy', 'romance', 'drama']",How to Buy a Friend,7.2,69
"['mystery', 'comedy', 'romance']",How to Meet a Perfect Neighbor,6.7,10
['drama'],How Should I Be,N/A,N/A
"['historical', 'medical']",Hur Jun,8.7,90
"['historical', 'drama', 'medical']","Hur Jun, The Original Story",N/A,N/A
"['mystery', 'business', 'comedy', 'life']",Hush,6.8,138
['historical'],Hwang Jini,N/A,N/A
"['action', 'historical', 'comedy', 'romance']",Hwarang: The Poet Warrior Youth,8,"5,297"
"['psychological', 'comedy', 'romance', 'drama']","Hyde Jekyll, Me",N/A,N/A
"['comedy', 'romance', 'mature']",Hyena,7.7,"1,017"
"['comedy', 'romance', 'youth', 'sci-fi']",I Am Legend,5.7,22
"['mystery', 'law', 'romance', 'supernatural']",I Can Hear Your Voice,N/A,N/A
"['comedy', 'romance']","I Do, I Do",6.7,201
"['romance', 'drama', 'melodrama']",I Have a Lover,8,172
"['comedy', 'romance', 'fantasy', 'supernatural']",I Love Lee Taly,N/A,N/A
"['comedy', 'romance']",I Need Romance,7,296
"['comedy', 'romance']",2012,7,105
"['comedy', 'romance', 'drama']",3,7.4,165
"['food', 'comedy', 'romance', 'melodrama']",I Order You,6.5,58
"['comedy', 'romance']",I Picked Up a Celebrity on the Street,N/A,N/A
"['music', 'mystery', 'comedy', 'romance']",I Wanna Hear Your Song,7,205
"['mystery', 'romance', 'drama']",I'm After You,N/A,N/A
"['comedy', 'romance', 'drama', 'sci-fi']",I'm Not a Robot,8,"6,629"
"['romance', 'drama', 'melodrama']","I'm Sorry, But I Love You",N/A,N/A
"['romance', 'drama', 'melodrama']","I'm Sorry, I Love You",8.3,"1,269"
"['romance', 'drama', 'melodrama']",Ice Adonis,8,29
"['romance', 'youth', 'drama']",Ice Girl,7.4,9
"['music', 'comedy', 'life', 'youth']",Idol Drama Operation Team,N/A,N/A
"['music', 'youth', 'drama']",Idol: The Coup,7.5,106
['drama'],If Tomorrow Comes,N/A,N/A
"['romance', 'life', 'drama', 'medical']",If You Wish Upon Me,8,"1,167"
"['historical', 'drama']",Iljimae,8,20
"['life', 'supernatural']",Imaginary Cat,N/A,N/A
"['music', 'comedy', 'romance', 'drama']",Imitation,7.3,869
"['action', 'military', 'historical', 'drama']",Immortal Admiral Yi Sun-sin,N/A,N/A
"['romance', 'drama']",In-soon Is Pretty,N/A,N/A
"['business', 'romance', 'drama']",Incarnation of Money,7.7,73
"['thriller', 'mystery', 'law', 'drama']",Innocent Defendant,N/A,N/A
"['action', 'thriller', 'law']",Insider,7.4,306
"['action', 'thriller', 'mystery', 'comedy']",Inspector Koo,N/A,N/A
"['action', 'historical', 'romance', 'drama']",Inspiring Generation,7.6,250
"['historical', 'drama']","Insu, the Queen Mother",N/A,N/A
"['historical', 'drama', 'political']",Into the Flames,7.9,13
"['business', 'comedy', 'romance', 'drama']",Introverted Boss,N/A,N/A
"['romance', 'youth']",Invincible Lee Pyung Kang,5.8,14
"['romance', 'drama', 'melodrama']",Ireland,N/A,N/A
"['action', 'romance', 'drama']",Iris,N/A,N/A
"['action', 'romance', 'drama']",Iris II: New Generation,N/A,N/A
"['comedy', 'romance', 'youth']",Is It Fate?,N/A,N/A
"['action', 'thriller', 'horror', 'fantasy']",Island,6.9,"2,374"
"['business', 'romance', 'life', 'drama']",Itaewon Class,8.2,"17,330"
"['action', 'thriller', 'mystery', 'supernatural']",Item,6.3,182
['romance'],It's My Life,6.9,10
"['psychological', 'comedy', 'romance', 'drama']",It's Okay to Not Be Okay,8.6,"30,283"
"['psychological', 'comedy', 'romance', 'drama']","It's Okay, Daddy's Girl",N/A,N/A
"['psychological', 'comedy', 'romance', 'drama']","It's Okay, That's Love",8.3,"4,368"
"['comedy', 'romance', 'life', 'drama']",Ja Myung Go,7.4,173
"['romance', 'drama', 'melodrama']",Jang Bo-ri Is Here!,N/A,N/A
"['historical', 'romance', 'drama']","Jang Ok-jung, Living by Love",7.6,276
"['historical', 'drama']",Jang Yeong-sil,7.6,131
"['action', 'adventure', 'historical', 'comedy', 'romance', 'martial arts', 'supernatural']",Jeon Woo-chi,N/A,N/A
"['action', 'thriller', 'historical', 'political']",Jeong Do-jeon,8.4,52
"['comedy', 'romance', 'life']",Ji Woon-soo's Stroke of Luck,N/A,N/A
"['mystery', 'romance', 'fantasy', 'melodrama']",Jinxed at First,6.3,293
"['thriller', 'mystery', 'drama', 'fantasy']",Jirisan,7.3,"1,218"
"['comedy', 'romance']",Jolly Widows,N/A,N/A
"['action', 'historical', 'drama', 'fantasy']",Joseon Exorcist,6.8,130
"['historical', 'law', 'romance', 'drama']",Joseon Lawyer,N/A,N/A
"['historical', 'romance', 'fantasy']",Joseon Survival Period,N/A,N/A
"['action', 'historical', 'drama', 'fantasy']",Joseon X-Files,N/A,N/A
"['music', 'comedy', 'life']",JTBC Drama Festa,N/A,N/A
"['thriller', 'mystery', 'psychological', 'drama']",Hello Dracula,N/A,N/A
"['comedy', 'law', 'romance', 'drama']",Judge vs. Judge,N/A,N/A
"['business', 'comedy', 'romance', 'drama']",Jugglers,7.1,322
"['comedy', 'sitcom']",Jump,N/A,N/A
"['youth', 'drama']",Jungle Fish,N/A,N/A
"['mystery', 'life', 'youth', 'drama']",2,N/A,N/A
"['comedy', 'romance', 'life', 'drama']",Junwoo,N/A,N/A
"['romance', 'life', 'drama', 'sports']",Just Dance,7.3,51
"['thriller', 'mystery', 'law', 'drama']",Justice,7.8,100
"['law', 'drama']",Juvenile Justice,7.9,"4,664"
"['action', 'thriller', 'drama', 'sci-fi']",Kairos,7.9,803
['drama'],KBS Drama Special,N/A,N/A
"['comedy', 'romance', 'fantasy']",Do You Know Taekwondo?,N/A,N/A
"['romance', 'drama']",If We Were a Season,N/A,N/A
"['romance', 'drama', 'melodrama']",My Prettiest Moments,N/A,N/A
"['thriller', 'mystery', 'comedy', 'romance']",Pinocchio's Nose,N/A,N/A
"['life', 'drama']",Reason,N/A,N/A
"['romance', 'drama', 'melodrama']",KBS TV Novel,N/A,N/A
"['drama', 'family', 'melodrama']",A Sea of Her Own,N/A,N/A
"['drama', 'family', 'melodrama']",Dal Soon's Spring,N/A,N/A
"['historical', 'drama']",Dear My Sister,N/A,N/A
"['romance', 'drama', 'family', 'melodrama']",Eunhui,N/A,N/A
"['historical', 'romance', 'drama', 'family']",In Still Green Days,N/A,N/A
"['historical', 'romance', 'drama', 'family', 'melodrama']",Land of Gold,N/A,N/A
"['drama', 'melodrama']",Landscape in My Heart,N/A,N/A
"['romance', 'melodrama']","Love, My Love",N/A,N/A
"['romance', 'life', 'drama', 'melodrama']",My Mind's Flower Rain,N/A,N/A
"['romance', 'medical']",Samsaengi,N/A,N/A
"['romance', 'family']",Single-minded Dandelion,N/A,N/A
['drama'],Sunok,N/A,N/A
"['romance', 'drama', 'family', 'melodrama']",That Sun in the Sky,N/A,N/A
"['historical', 'romance', 'drama', 'family', 'melodrama']",The Stars Are Shining,6.9,11
"['thriller', 'drama']",Kill Heel,N/A,N/A
"['action', 'thriller', 'mystery', 'drama']",Kill It,7.7,"1,105"
"['psychological', 'comedy', 'romance', 'drama']","Kill Me, Heal Me",8.3,"5,664"
"['drama', 'fantasy']",Kim Is a Genius,N/A,N/A
"['mystery', 'comedy', 'sci-fi']","Kim Su-ro, The Iron King",N/A,N/A
"['mystery', 'comedy', 'drama', 'sitcom']",Kimcheed Radish Cubes,N/A,N/A
"['mystery', 'comedy', 'drama', 'sitcom']",Kimchi Cheese Smile,N/A,N/A
"['food', 'mystery', 'romance', 'family']",Kimchi Family,N/A,N/A
"['romance', 'drama', 'melodrama']",King of Ambition,N/A,N/A
"['comedy', 'romance']",King the Land,4.4,"129,750"
"['thriller', 'historical', 'horror', 'political']",Kingdom,8.3,"51,375"
"['historical', 'romance', 'drama', 'supernatural']",Kingmaker: The Change of Destiny,7.4,86
"['comedy', 'romance', 'fantasy', 'supernatural']",Kiss Sixth Sense,7.2,739
"['business', 'comedy', 'life', 'drama']",Kkondae Intern,7.2,226
"['comedy', 'romance', 'medical', 'fantasy']",Kokdu: Season of Deity,6.6,305
"['action', 'military', 'romance', 'political']",Korean Peninsula,7,33
"['action', 'thriller', 'mystery', 'sci-fi']",L.U.C.A.: The Beginning,6.5,497
"['comedy', 'romance', 'family', 'melodrama']",Lady Cha Dal-rae's Lover,N/A,N/A
"['romance', 'drama', 'melodrama']",Land of Wine,N/A,N/A
"['action', 'thriller', 'crime']",Last,7.4,213
"['food', 'life', 'drama']",Late Night Restaurant,7.9,96
"['mystery', 'law', 'crime', 'drama']",Law School,8,"2,760"
"['action', 'thriller', 'law', 'romance']",Lawless Lawyer,7.6,"2,480"
"['thriller', 'law', 'romance']",Lawyers,N/A,N/A
"['mystery', 'business', 'romance', 'melodrama']","Lee San, Wind of the Palace",8,639
"['mystery', 'business', 'romance', 'melodrama']",Left-Handed Wife,5.8,21
"['mystery', 'comedy', 'law', 'drama']",Legal High,7,189
"['historical', 'comedy', 'romance']",Legend of Hyang Dan,N/A,N/A
"['thriller', 'mystery', 'psychological', 'drama']",Less Than Evil,7.2,131
"['music', 'comedy', 'romance', 'drama']",Let Me Be Your Knight,7.4,219
"['mystery', 'psychological', 'romance', 'melodrama']",Let Me Introduce Her,7.3,72
"['food', 'comedy', 'romance', 'drama']",Let's Eat,7.7,647
"['food', 'comedy', 'romance', 'drama']",2,N/A,N/A
"['food', 'comedy', 'romance', 'life']",3,N/A,N/A
"['business', 'comedy', 'romance']",Level Up,6.5,218
"['action', 'mystery', 'comedy', 'crime']",Leverage,7.4,154
"['thriller', 'mystery', 'psychological', 'drama']",Liar Game,N/A,N/A
"['thriller', 'romance', 'melodrama']",Lie After Lie,N/A,N/A
"['comedy', 'romance']",Lie to Me,7.1,"1,453"
"['thriller', 'mystery', 'psychological', 'drama']",Lies Hidden in My Garden,N/A,N/A
"['thriller', 'psychological', 'drama', 'medical']",Life,7.6,884
"['business', 'romance', 'drama']",Life Is Beautiful,8.1,8
"['action', 'mystery', 'psychological', 'comedy']",Life on Mars,8.1,"1,011"
"['military', 'comedy', 'romance', 'political']",Lights and Shadows,7.1,8
"['romance', 'youth', 'drama']",Light on Me,N/A,N/A
"['romance', 'family']",Likeable or Not,N/A,N/A
"['mystery', 'romance', 'drama', 'fantasy']","Link: Eat, Love, Kill",7.3,"1,281"
"['comedy', 'romance', 'life', 'drama']",Listen to Love,N/A,N/A
"['comedy', 'romance', 'drama', 'melodrama']",Listen to My Heart,N/A,N/A
"['romance', 'drama', 'family']",Little Women,7.8,"6,255"
"['romance', 'life', 'drama']",Live,8.3,"1,505"
"['comedy', 'romance', 'youth', 'drama']",Live On,7.2,464
"['historical', 'romance', 'medical', 'fantasy']",Live Up to Your Name,8,"1,782"
"['romance', 'family', 'melodrama']",Live Your Own Life,N/A,N/A
"['comedy', 'romance', 'drama']",Liver or Die,N/A,N/A
"['comedy', 'sitcom']",Living Among the Rich,N/A,N/A
"['action', 'thriller', 'romance', 'drama']",Lobbyist,N/A,N/A
"['action', 'thriller', 'mystery', 'comedy']",Local Hero,6.4,110
"['action', 'thriller', 'mystery', 'drama']",Longing for You,4.6,"9,080"
"['mystery', 'drama']",Look Back in Anger,N/A,N/A
"['romance', 'drama', 'melodrama']",Loss Time Life,N/A,N/A
"['life', 'drama', 'melodrama']",Lost,8.2,434
"['romance', 'drama', 'family', 'melodrama']",Love & Secret,N/A,N/A
"['mystery', 'romance', 'drama']",Love (ft. Marriage and Divorce),N/A,N/A
"['romance', 'life', 'drama', 'family', 'melodrama']",Love Again,5.5,9
"['comedy', 'romance', 'youth', 'drama']",Love Alarm,6.7,"6,975"
"['business', 'comedy', 'romance', 'melodrama']",Love Alert,N/A,N/A
"['romance', 'drama', 'sports', 'melodrama']",Love All Play,7.7,745
"['drama', 'melodrama']",Love and Obsession,N/A,N/A
"['comedy', 'romance']",Love Can't Wait,N/A,N/A
"['music', 'comedy', 'romance', 'supernatural']",Love for a Thousand More,N/A,N/A
['drama'],3,N/A,N/A
"['business', 'comedy', 'romance']",Love in Contract,6.9,"1,021"
"['romance', 'drama']",Love in Her Bag,N/A,N/A
"['romance', 'drama', 'melodrama']",Love in Sadness,6.5,104
"['historical', 'comedy', 'romance', 'drama']",Love in the Moonlight,7.8,"3,818"
"['comedy', 'romance']",Love Is for Suckers,6.6,391
['romance'],Love Me When You Can,N/A,N/A
"['romance', 'drama', 'family', 'melodrama']",Love on a Rooftop,6,9
"['romance', 'life', 'youth', 'drama']",Love Playlist,N/A,N/A
"['romance', 'drama', 'family', 'melodrama']",Love Rain,7.6,"1,605"
"['romance', 'drama', 'family', 'melodrama']",Love Returns,7,16
"['comedy', 'romance', 'youth', 'drama']",Love Revolution,N/A,N/A
"['romance', 'life', 'drama']",Love Scene Number,N/A,N/A
"['comedy', 'law', 'romance']",Love to Hate You,7.9,"4,017"
"['business', 'romance', 'family', 'melodrama']",Love to the End,6.9,18
"['family', 'melodrama']",Love Twist,N/A,N/A
"['comedy', 'romance', 'life', 'drama']",Love with Flaws,7.2,562
"['romance', 'drama']",Loveholic,N/A,N/A
"['horror', 'comedy', 'romance', 'supernatural']",Lovely Horribly,6.3,316
"['drama', 'family']",Lovers,7.6,31
"['comedy', 'romance', 'melodrama']",Lovers in Bloom,7.6,25
['romance'],Lovers in Paris,N/A,N/A
"['comedy', 'romance', 'drama']",Lovers in Prague,7.4,71
"['comedy', 'romance']",Lovers of Haeundae,N/A,N/A
"['music', 'comedy', 'romance']",Lovers of Music,N/A,N/A
"['historical', 'romance', 'drama', 'fantasy']",Lovers of the Red Sky,7.6,"1,240"
"['romance', 'life', 'youth', 'drama']",Lovestruck in the City,N/A,N/A
"['comedy', 'romance', 'drama', 'fantasy']",Loving You a Thousand Times,7.6,32
"['comedy', 'romance', 'drama', 'political']",Lucifer,N/A,N/A
"['business', 'comedy', 'romance', 'drama']",Lucky Romance,7,710
"['comedy', 'romance', 'youth']",Ma Boy,N/A,N/A
['family'],Mackerel Run,N/A,N/A
"['action', 'thriller', 'mystery']",Mad Dog,7.6,899
"['comedy', 'romance', 'drama']",Mad for Each Other,7.9,"2,431"
"['psychological', 'comedy', 'romance']",Madame Antoine: The Love Therapist,N/A,N/A
['romance'],Magic Cellphone,4.1,30
"['comedy', 'youth', 'fantasy']",Magic Kid Masuri,N/A,N/A
"['romance', 'drama', 'melodrama']",Make a Woman Cry,7,15
"['romance', 'family']",Make Your Wish,N/A,N/A
"['romance', 'drama', 'melodrama']",Mama,N/A,N/A
"['romance', 'drama', 'melodrama']",Man from the Equator,N/A,N/A
"['business', 'romance', 'drama', 'family']",Man in a Veil,N/A,N/A
"['food', 'romance', 'drama', 'family']",Man in the Kitchen,N/A,N/A
"['action', 'thriller', 'comedy', 'romance']",Man to Man,7.3,"1,517"
"['comedy', 'drama', 'family']",Man Who Dies to Live,4.8,36
"['thriller', 'comedy', 'romance', 'fantasy']",Manhole,N/A,N/A
"['comedy', 'romance']",Manny,N/A,N/A
"['romance', 'drama', 'melodrama']",Marriage Contract,7.5,934
"['comedy', 'romance', 'drama']","Marriage, Not Dating",7.5,"1,183"
"['comedy', 'romance', 'supernatural']",Marry Him If You Dare,6,248
"['romance', 'medical', 'melodrama']",Marry Me Now,7.8,73
"['comedy', 'romance']","Marry Me, Mary!",N/A,N/A
"['romance', 'drama']",Marrying a Millionaire,7.6,15
"['romance', 'drama', 'family', 'melodrama']",Marrying My Daughter Twice,N/A,N/A
"['romance', 'supernatural']",Mask,7.5,450
"['thriller', 'mystery', 'comedy', 'drama']",Mask Girl,7.4,"5,126"
"['horror', 'comedy', 'romance', 'supernatural']",Master's Sun,N/A,N/A
"['comedy', 'romance', 'drama']",Matrimonial Chaos,N/A,N/A
"['mystery', 'romance', 'drama', 'supernatural']",May I Help You?,N/A,N/A
"['mystery', 'law', 'drama']",May It Please the Court,N/A,N/A
"['romance', 'drama', 'melodrama']",May Queen,7.8,47
"['psychological', 'comedy', 'romance', 'drama']","Me Too, Flower!",6.9,170
"['drama', 'medical']",Medical Top Team,6.5,111
"['romance', 'drama', 'melodrama']",Melancholia,7.3,570
"['music', 'romance', 'drama', 'family']",Melody of Love,7.8,16
"['mystery', 'psychological', 'romance', 'supernatural']",Meloholic,6.5,206
"['mystery', 'comedy', 'romance', 'sci-fi']",Melting Me Softly,6.8,"1,852"
"['action', 'thriller', 'romance', 'sci-fi']",Memories of the Alhambra,7.8,"6,626"
"['comedy', 'romance', 'drama', 'political']",Memorials,N/A,N/A
"['action', 'thriller', 'mystery', 'supernatural']",Memorist,7.6,"1,193"
"['law', 'romance', 'life', 'drama']",Memory,7.6,106
"['comedy', 'romance', 'drama', 'fantasy']",Men Are Men,N/A,N/A
"['comedy', 'drama', 'sports']",Mental Coach Jegal,7.1,42
"['comedy', 'romance']",Merry Mary,N/A,N/A
"['comedy', 'romance', 'drama']",Midas,7.4,127
"['action', 'military', 'mystery', 'law']",Military Prosecutor Doberman,N/A,N/A
"['mystery', 'romance', 'supernatural']",Mimi,N/A,N/A
"['romance', 'drama', 'melodrama']",Mina,N/A,N/A
"['thriller', 'mystery', 'drama']",Mine,7.7,"1,608"
"['mystery', 'drama', 'fantasy', 'supernatural']",Miraculous Brothers,N/A,N/A
"['business', 'life', 'drama']",Misaeng: Incomplete Life,N/A,N/A
['drama'],Miss Ajumma,N/A,N/A
"['comedy', 'romance', 'life', 'drama']",Miss Korea,7.1,127
"['business', 'comedy', 'life', 'drama']",Miss Lee,N/A,N/A
"['romance', 'drama', 'melodrama']",Miss Mamma Mia,N/A,N/A
"['romance', 'drama']",Miss Mermaid,N/A,N/A
"['thriller', 'romance', 'drama', 'melodrama']",Miss Monte-Cristo,N/A,N/A
"['food', 'comedy', 'romance', 'drama']",Miss Panda and Mr. Hedgehog,N/A,N/A
"['romance', 'drama', 'melodrama']",Miss Ripley,6.4,97
"['adventure', 'mystery', 'comedy', 'drama']",9,6.9,434
"['romance', 'drama', 'melodrama']",Missing You,7.5,900
"['thriller', 'mystery', 'supernatural']",Missing: The Other Side,7.9,977
"['thriller', 'mystery', 'romance', 'drama']",Mistress,8.3,98
"['thriller', 'mystery', 'romance', 'melodrama']",Misty,7.9,822
"['romance', 'drama']",Model,7.3,46
"['comedy', 'romance', 'drama']",Modern Farmer,7.3,281
"['romance', 'drama', 'family']",Mom Has an Affair,N/A,N/A
"['romance', 'drama']",Mom's Dead Upset,N/A,N/A
"['business', 'law', 'romance', 'melodrama']",Money Flower,7.6,349
"['thriller', 'mystery', 'psychological']",Money Game,8,70
"['action', 'thriller', 'mystery', 'crime']",Money Heist: Korea – Joint Economic Area,N/A,N/A
"['music', 'romance', 'youth']",Monstar,6.8,263
"['business', 'romance', 'crime', 'melodrama']",Monster,7.8,85
"['thriller', 'mystery', 'horror', 'supernatural']",Monstrous,N/A,N/A
"['business', 'comedy', 'romance', 'drama']",Monthly Magazine Home,7.1,424
"['historical', 'romance', 'supernatural', 'political']",Moon Embracing the Sun,N/A,N/A
"['historical', 'romance', 'fantasy', 'melodrama']",Moon Lovers: Scarlet Heart Ryeo,8.6,"10,612"
"['action', 'historical', 'comedy', 'romance']",Moonshine,N/A,N/A
"['action', 'romance', 'drama', 'supernatural']",Moorim School: Saga of the Brave,N/A,N/A
"['historical', 'romance', 'drama']",More Than a Maid,N/A,N/A
"['comedy', 'romance', 'life', 'drama']",More Than Friends,6.6,596
"['thriller', 'mystery', 'psychological', 'melodrama']",Mother,N/A,N/A
"['business', 'romance', 'life', 'melodrama']",Mother of Mine,7.8,82
"['romance', 'drama', 'family', 'melodrama']",Mother's Garden,7,9
"['thriller', 'mystery', 'psychological', 'sci-fi']",Mouse,8.7,"9,119"
"['life', 'drama']",Move to Heaven,8.5,"8,260"
"['action', 'thriller', 'mystery', 'supernatural']",Moving,8.6,"4,640"
"['comedy', 'romance', 'drama', 'fantasy']",Mr. Back,N/A,N/A
"['comedy', 'romance']",Mr. Duke,N/A,N/A
"['historical', 'comedy', 'romance', 'fantasy']",Mr. Queen,8.6,"8,404"
"['military', 'historical', 'romance', 'melodrama']",Mr. Sunshine,8.7,"9,416"
"['action', 'mystery']",Mrs. Cop,7.7,114
"['romance', 'fantasy', 'melodrama']",Mrs. Durian,N/A,N/A
"['law', 'romance', 'life', 'drama']",Ms. Hammurabi,7.4,695
"['mystery', 'comedy']",Ms. Kim's Million Dollar Quest,N/A,N/A
"['thriller', 'mystery', 'drama']","Ms. Ma, Nemesis",7.2,59
"['mystery', 'comedy']",Ms. Perfect,6.7,46
"['thriller', 'mystery', 'comedy', 'supernatural']",Murder DIEary,N/A,N/A
"['comedy', 'romance', 'drama', 'fantasy']",My Absolute Boyfriend,6.9,368
"['action', 'mystery', 'romance', 'crime']",My Beautiful Bride,7.4,96
"['romance', 'life', 'drama', 'family', 'melodrama']",My Beloved Sister,6.2,8
['romance'],My Bittersweet Life,N/A,N/A
"['mystery', 'romance', 'drama', 'sci-fi']",My Catman,N/A,N/A
"['comedy', 'romance', 'drama', 'melodrama']","My Contracted Husband, Mr. Oh",N/A,N/A
"['action', 'historical', 'romance', 'drama']",My Country: The New Age,8.1,"2,325"
"['thriller', 'psychological', 'drama']",My Dangerous Wife,8.1,101
"['romance', 'family']",My Daughter the Flower,N/A,N/A
"['romance', 'drama', 'family']","My Daughter, Geum Sa-wol",7.7,38
"['mystery', 'comedy', 'romance', 'drama']",My Dear Cat,6.2,14
"['historical', 'romance', 'drama', 'melodrama']",My Dearest,8.9,441
"['romance', 'drama']",My Fair Lady,7.7,6
"['comedy', 'romance', 'drama']",My Father Is Strange,N/A,N/A
"['comedy', 'romance', 'crime', 'political']",My Fellow Citizens!,N/A,N/A
"['comedy', 'romance', 'life', 'youth']",My First First Love,7.5,"2,794"
"['comedy', 'romance', 'life', 'youth']",My First Love,N/A,N/A
"['comedy', 'romance', 'life']",My First Time,N/A,N/A
"['business', 'comedy', 'romance', 'drama']",My Golden Life,7.4,454
"['romance', 'life', 'drama']",My Healing Love,8.2,15
"['romance', 'drama', 'family', 'melodrama']",My Heart Twinkle Twinkle,6.1,25
"['romance', 'drama', 'sci-fi', 'melodrama']",My Holo Love,N/A,N/A
"['business', 'comedy', 'life', 'drama']",My Horrible Boss,N/A,N/A
"['comedy', 'romance', 'life', 'drama']",My Husband Got a Family,N/A,N/A
"['romance', 'life', 'drama', 'melodrama']",My Husband's Woman,N/A,N/A
"['drama', 'family']",My Kids Give Me a Headache,N/A,N/A
"['mystery', 'comedy', 'law']","My Lawyer, Mr. Jo",N/A,N/A
"['mystery', 'comedy', 'law', 'drama']",2,N/A,N/A
"['romance', 'life', 'drama', 'melodrama']",My Liberation Notes,N/A,N/A
"['comedy', 'romance', 'family']",My Little Baby,6.3,123
['family'],My Love By My Side,7.2,8
"['comedy', 'romance', 'drama', 'supernatural']",My Love from the Star,N/A,N/A
"['romance', 'drama']",My Love Patzzi,N/A,N/A
['romance'],My Love Toram,N/A,N/A
"['music', 'romance', 'drama']",My Lovely Girl,6.3,364
"['mystery', 'comedy', 'romance', 'supernatural']",My Lovely Liar,7.6,984
['drama'],My Lovely Sam Soon,N/A,N/A
"['romance', 'drama', 'family']","My Lover, Madame Butterfly",N/A,N/A
"['psychological', 'life', 'drama']",My Mister,9.1,"8,274"
"['comedy', 'drama', 'melodrama']",My Mother Is a Daughter-in-law,N/A,N/A
"['action', 'thriller', 'mystery', 'crime']",My Name,N/A,N/A
"['historical', 'comedy', 'romance', 'drama']",My Only Love Song,7.1,789
"['comedy', 'romance', 'drama']",My Only One,7.1,131
"['mystery', 'romance', 'drama', 'sci-fi']",My Perfect Stranger,8.1,571
"['comedy', 'romance', 'drama', 'supernatural']",My Precious You,N/A,N/A
"['comedy', 'romance', 'fantasy']",My Roommate Is a Gumiho,7.7,"3,969"
"['romance', 'melodrama']",My Rosy Life,N/A,N/A
"['comedy', 'romance', 'drama', 'supernatural']",My Runway,6.3,334
"['historical', 'comedy', 'romance']",My Sassy Girl,N/A,N/A
"['mystery', 'comedy', 'romance', 'drama']",My Secret Hotel,6.5,221
"['comedy', 'romance', 'life', 'drama']",My Secret Romance,7.1,"4,285"
"['action', 'mystery', 'comedy', 'romance']",My Secret Terrius,7.6,"1,445"
"['romance', 'melodrama']",My Spring Days,7.3,71
"['mystery', 'comedy', 'romance', 'youth']",My Strange Hero,7.3,"1,131"
"['comedy', 'romance', 'family']",My Too Perfect Sons,N/A,N/A
"['life', 'drama']",My Unfamiliar Family,7.5,223
"['romance', 'drama']",My Unfortunate Boyfriend,6,79
"['mystery', 'melodrama']",Mysterious Personal Shopper,7.6,20
"['mystery', 'comedy', 'drama', 'fantasy']",Mystic Pop-up Bar,8,"2,620"
"['music', 'comedy', 'romance', 'youth']",Naeil's Cantabile,N/A,N/A
"['action', 'thriller', 'mystery', 'drama']",Naked Fireman,N/A,N/A
"['action', 'thriller', 'crime']",Narco-Saints,N/A,N/A
"['life', 'drama']",Navillera,8.7,"2,806"
"['comedy', 'romance', 'drama', 'family']",Never Twice,8,94
"['romance', 'life', 'youth', 'drama']",Nevertheless,7.1,"7,815"
"['romance', 'medical']",New Heart,7.9,81
"['historical', 'drama']",New Tales of Gisaeng,N/A,N/A
"['comedy', 'romance', 'drama', 'melodrama']",Nice Witch,N/A,N/A
"['business', 'drama', 'political']",Night Light,6.8,340
"['mystery', 'romance', 'supernatural']",Nine,N/A,N/A
"['romance', 'drama', 'family']",No Matter What,N/A,N/A
"['comedy', 'romance', 'drama', 'melodrama']",No Secrets,N/A,N/A
"['comedy', 'romance', 'life', 'drama']","No, Thank You",N/A,N/A
"['comedy', 'romance']","Noble, My Love",N/A,N/A
"['thriller', 'mystery', 'drama', 'melodrama']",Nobody Knows,7.9,397
"['historical', 'romance', 'war', 'political']",Nokdu Flower,7.7,173
"['comedy', 'romance', 'drama', 'sitcom']",Nonstop,8.3,64
"['mystery', 'comedy', 'romance', 'drama']",Not Others,N/A,N/A
"['romance', 'drama', 'melodrama']","Now, We Are Breaking Up",6.4,"1,546"
"['action', 'thriller', 'mystery', 'drama']",Numbers,7.1,249
"['historical', 'romance', 'youth', 'drama']",Oasis,7.2,191
"['comedy', 'romance', 'sci-fi']",OB & GY,N/A,N/A
"['comedy', 'romance', 'drama']",Oh Feel Young,N/A,N/A
"['comedy', 'romance', 'drama', 'medical']",Oh My Baby,7,340
"['thriller', 'comedy', 'romance', 'supernatural']",Oh My Ghost,8,"4,927"
"['comedy', 'romance', 'fantasy', 'melodrama']",Oh My Ladylord,5.9,281
"['comedy', 'law', 'romance', 'life']",Oh My Venus,7.8,"6,022"
"['comedy', 'romance', 'fantasy', 'melodrama']",Oh! My Lady,6.9,237
"['thriller', 'romance', 'drama', 'fantasy']","Oh, the Mysterious",6.8,93
"['comedy', 'romance', 'drama', 'supernatural']",Ohlala Couple,N/A,N/A
"['comedy', 'romance', 'drama', 'melodrama']",Ojakgyo Family,N/A,N/A
"['romance', 'drama']",On Air,7.7,33
"['comedy', 'life', 'drama']",On the Verge of Insanity,7.6,89
"['romance', 'drama', 'melodrama']",On the Way to the Airport,7.3,161
"['romance', 'supernatural']",Once Again,8.2,490
"['comedy', 'romance', 'life']",Once Upon a Small Town,7,"1,444"
"['comedy', 'law', 'drama']",One Dollar Lawyer,7.9,"1,109"
['drama'],One Fine Day,N/A,N/A
"['comedy', 'romance', 'youth', 'drama']",One More Happy Ending,7.3,374
"['music', 'romance', 'youth', 'drama']",One More Time,N/A,N/A
"['thriller', 'mystery', 'law', 'crime']",One Ordinary Day,8.2,"2,773"
"['romance', 'life', 'drama', 'melodrama']",One Spring Night,7.9,"3,403"
"['romance', 'drama']",One Sunny Day,7.5,96
"['mystery', 'comedy', 'romance', 'drama']",One the Woman,7.1,599
"['life', 'drama', 'family', 'melodrama']",One Warm Word,7.1,68
"['business', 'romance', 'drama', 'melodrama']",One Well-Raised Daughter,7.2,44
"['romance', 'family']",Only Love,N/A,N/A
['life'],Only You,N/A,N/A
"['romance', 'drama', 'sports', 'fantasy']",Operation Proposal,6.8,159
"['historical', 'romance', 'drama', 'supernatural']",Orange Marmalade,6.3,660
"['romance', 'life', 'youth', 'drama']",Our Beloved Summer,8.2,"8,658"
"['historical', 'mystery', 'romance', 'drama']",Our Blooming Youth,7.7,622
"['romance', 'life', 'drama', 'melodrama']",Our Blues,8.6,"3,082"
"['business', 'romance']",Our Dating Sim,N/A,N/A
"['comedy', 'romance', 'family']",Our Gap-soon,6.6,49
"['music', 'romance', 'youth']",Over the Rainbow,N/A,N/A
"['historical', 'romance', 'drama', 'melodrama']",Pachinko,8.3,"10,688"
"['romance', 'life', 'melodrama', 'supernatural']",Padam Padam,7.6,246
"['thriller', 'mystery', 'romance', 'drama']",Pale Moon,7.4,16
"['action', 'thriller', 'drama', 'melodrama']",Pandora: Beneath the Paradise,6.3,234
"['romance', 'drama', 'melodrama']",Papa,N/A,N/A
"['thriller', 'mystery', 'law', 'medical']",Partners for Justice,N/A,N/A
"['business', 'romance', 'family', 'melodrama']",Passionate Love,7,26
"['thriller', 'mystery', 'business', 'drama']",Payback,7.3,253
"['business', 'comedy', 'drama']",Pegasus Market,7.6,106
"['comedy', 'romance', 'melodrama', 'supernatural']",Perfume,7.1,233
"['thriller', 'romance', 'drama']",Persona,N/A,N/A
"['comedy', 'romance', 'life', 'youth']",Personal Taste,7.4,"4,712"
"['action', 'youth', 'fantasy']",Phantom,N/A,N/A
"['romance', 'drama']",Phoenix,7.9,68
"['business', 'romance', 'drama', 'melodrama']",2020,5.5,9
"['romance', 'melodrama']",Piano,N/A,N/A
"['action', 'thriller', 'mystery', 'drama']",Pied Piper,7.3,68
"['romance', 'drama', 'melodrama']",Pink Lipstick,7.6,24
"['thriller', 'mystery', 'comedy', 'romance']",Pinocchio,8.1,"8,361"
"['action', 'thriller', 'mystery', 'comedy']",Player,7.8,390
"['comedy', 'romance', 'supernatural']","Please Come Back, Soon-ae",7.1,8
"['comedy', 'romance', 'drama', 'sci-fi']",Please Don't Date Him,6.8,216
['romance'],Plus Nine Boys,N/A,N/A
"['mystery', 'comedy', 'romance', 'drama']",Police University,7.2,874
"['historical', 'mystery', 'romance', 'medical']","Poong, the Joseon Psychiatrist",7.2,260
"['action', 'military', 'mystery', 'romance']",Poseidon,5.7,41
"['mystery', 'horror', 'romance', 'supernatural']",Possessed,N/A,N/A
"['comedy', 'romance', 'fantasy', 'sitcom']",2013,8.2,91
"['business', 'romance', 'family']",Pots of Gold,N/A,N/A
"['romance', 'drama']",Precious Family,8,9
"['mystery', 'law', 'romance']",Pride and Prejudice,6.9,212
"['thriller', 'horror', 'romance', 'drama']",Priest,7.1,140
"['comedy', 'romance', 'drama']",Prime Minister & I,N/A,N/A
"['comedy', 'romance', 'drama']",Prince Hours,N/A,N/A
"['comedy', 'romance', 'drama', 'family']",Princess Aurora,8,27
"['comedy', 'romance', 'drama']",Princess Hours,N/A,N/A
"['action', 'historical', 'romance', 'political']",Princess Lulu,N/A,N/A
"['comedy', 'crime', 'life', 'drama']",Prison Playbook,8.4,"4,354"
"['thriller', 'mystery', 'romance', 'crime']",Private Lives,6.5,746
"['comedy', 'romance', 'drama']",Prosecutor Princess,7,305
"['business', 'comedy', 'romance', 'melodrama']",Protect the Boss,6.9,701
"['thriller', 'mystery', 'comedy', 'crime']",Psychopath Diary,7.8,713
"['thriller', 'drama', 'political']",Punch,7.5,15
"['romance', 'youth', 'drama', 'sports']",Pure Boxer,N/A,N/A
"['comedy', 'drama', 'family', 'melodrama']",Pure Love,N/A,N/A
"['drama', 'melodrama']",Pure Pumpkin Flower,N/A,N/A
"['romance', 'drama', 'melodrama']",Que Sera Sera,N/A,N/A
"['historical', 'comedy', 'romance', 'fantasy']",Queen and I,N/A,N/A
"['historical', 'romance', 'melodrama', 'political']",Queen for Seven Days,N/A,N/A
"['action', 'mystery', 'comedy', 'drama']",Queen of Housewives,N/A,N/A
"['action', 'mystery', 'comedy', 'drama']",Queen of Mystery,N/A,N/A
"['action', 'mystery', 'comedy', 'drama']",2,N/A,N/A
"['action', 'mystery', 'comedy', 'drama']",Queen of Reversals,7.5,35
"['thriller', 'mystery', 'drama', 'melodrama']",Queen of Masks,6.1,30
['drama'],Queen Seondeok,N/A,N/A
"['historical', 'romance', 'fantasy', 'political']",Queen: Love and War,7.5,206
"['business', 'drama', 'political']",Queenmaker,7.5,"1,111"
"['mystery', 'drama', 'medical']",Quiz of God,N/A,N/A
"['comedy', 'life', 'drama', 'sports']",Racket Boys,4.5,"27,895"
"['business', 'comedy', 'romance', 'drama']",Radiant Office,6.9,222
"['business', 'comedy', 'romance']",Radio Romance,6.7,"1,041"
"['psychological', 'romance', 'melodrama']",Rain or Shine,N/A,N/A
"['business', 'drama', 'fantasy', 'political']",Reborn Rich,8.1,"3,428"
"['romance', 'life', 'youth', 'drama']",Record of Youth,7.2,"3,059"
"['comedy', 'life', 'drama']",Red Balloon,5.7,65
"['romance', 'drama', 'family', 'melodrama']",Red Shoes,N/A,N/A
"['thriller', 'mystery', 'drama', 'melodrama']",Reflection of You,6.7,375
"['mystery', 'drama', 'melodrama']",Remarriage & Desires,7.3,"1,850"
"['romance', 'drama']",Remember,N/A,N/A
"['mystery', 'horror', 'romance', 'supernatural']","Remember, Hari",N/A,N/A
"['music', 'romance', 'youth', 'drama']",Replay: The Moment,N/A,N/A
"['comedy', 'romance', 'life', 'youth']",1988,9.2,"9,542"
"['comedy', 'romance', 'drama', 'sports']",1994,7.7,"1,571"
"['comedy', 'romance', 'life']",1997,7.9,"2,356"
"['mystery', 'drama']",Reset,7.1,57
"['thriller', 'romance', 'drama']",Resurrection,N/A,N/A
"['thriller', 'mystery', 'law']",Return,7.3,94
"['romance', 'drama', 'melodrama', 'supernatural']",Reunited Worlds,7.3,319
"['thriller', 'mystery', 'horror', 'supernatural']",Revenant,8,"1,876"
"['action', 'thriller', 'mystery', 'drama']",Revenge of Others,7.6,"2,319"
"['romance', 'life', 'youth']",Reverse,N/A,N/A
"['business', 'comedy', 'romance', 'drama']",Revolutionary Love,N/A,N/A
"['thriller', 'comedy', 'romance', 'drama']",Revolutionary Sisters,6.3,47
"['business', 'comedy', 'romance', 'melodrama']",Rich Man,6.7,832
"['romance', 'life', 'drama', 'family']",Righteous Love,N/A,N/A
"['comedy', 'romance', 'medical']",Risky Romance,6.8,106
"['action', 'historical', 'romance', 'political']",River Where the Moon Rises,7.5,521
"['romance', 'crime', 'drama', 'melodrama']",Robber,7,53
"['romance', 'drama', 'melodrama']",Romance,6.8,40
"['business', 'comedy', 'romance', 'melodrama']",Romance Is a Bonus Book,8,"7,000"
"['comedy', 'romance', 'drama', 'family']",Romance Town,6.1,18
"['romance', 'drama', 'melodrama']",Romance Zero,N/A,N/A
"['historical', 'comedy', 'romance', 'fantasy']",Rooftop Prince,7.7,"2,866"
"['historical', 'comedy', 'romance', 'drama']",Rookie Historian Goo Hae-ryung,8.1,"2,763"
"['romance', 'life', 'youth', 'drama']",Rookie Cops,7.4,975
"['mystery', 'drama', 'fantasy']",9,7.1,111
"['thriller', 'mystery']",Rose Mansion,6.9,67
"['romance', 'family']",Rosy Lovers,8.2,65
"['historical', 'mystery', 'comedy', 'romance']",Royal Secret Agent,7.3,349
"['historical', 'romance', 'drama']",Royal Story: Jang Hui-bin,N/A,N/A
"['romance', 'drama', 'melodrama']",Ruby Ring,6.6,18
"['romance', 'drama', 'melodrama']",Ruby Ruby Love,N/A,N/A
"['action', 'thriller', 'crime', 'sci-fi']",Rugal,6.2,"1,186"
"['romance', 'drama']",Ruler of Your Own World,8.6,79
"['comedy', 'youth', 'drama', 'political']",Running Mate,N/A,N/A
"['romance', 'life', 'drama', 'sports']",Run On,7.4,"4,593"
"['food', 'romance']","Run, Jang-mi",7.6,10
"['thriller', 'historical', 'drama']",Rustic Period,N/A,N/A
"['romance', 'life', 'drama', 'melodrama']",Sad Love Story,N/A,N/A
"['historical', 'mystery', 'romance', 'melodrama']","Saimdang, Memoir of Colors",N/A,N/A
"['comedy', 'drama', 'sitcom']",Salamander Guru and The Shadows,N/A,N/A
['romance'],Salut D'Amour,N/A,N/A
"['action', 'romance', 'drama', 'political']",Sandglass,8.4,56
"['food', 'comedy', 'romance', 'drama']",Sang Doo! Let's Go to School,N/A,N/A
"['historical', 'comedy', 'romance']",Sassy Girl Chun-hyang,N/A,N/A
"['action', 'thriller', 'mystery', 'drama']",Save Me,7.9,"1,741"
"['thriller', 'mystery', 'psychological']",2,N/A,N/A
"['romance', 'drama', 'family', 'melodrama']",Save the Family,6.7,9
"['romance', 'drama']",Save the Last Dance for Me,8.1,100
"['romance', 'drama']",Say It with Your Eyes,N/A,N/A
"['comedy', 'romance', 'life', 'melodrama']",Scent of a Woman,7.8,575
"['mystery', 'youth', 'drama']",2013,7.7,590
"['mystery', 'comedy', 'romance', 'youth']",2017,7.4,"1,832"
"['romance', 'youth', 'drama', 'melodrama']",2021,7.4,365
"['mystery', 'romance', 'youth', 'drama']",2015,7.6,"2,437"
"['mystery', 'life', 'youth', 'drama']",Schoolgirl Detectives,N/A,N/A
"['military', 'thriller', 'mystery', 'horror']",Search,7,516
"['business', 'comedy', 'romance', 'drama']",Search: WWW,7.8,"1,831"
"['comedy', 'romance', 'life', 'drama']",20,7.5,375
"['romance', 'life', 'drama']",Second to Last Love,7.3,76
"['romance', 'drama', 'melodrama']",Secret,N/A,N/A
"['music', 'romance', 'drama', 'melodrama']",Secret Affair,N/A,N/A
"['romance', 'drama', 'melodrama', 'political']",Secret Boutique,7,40
"['historical', 'mystery', 'drama', 'political']",Secret Door,7.5,114
"['historical', 'romance', 'medical', 'fantasy']",Secret Healer,N/A,N/A
"['romance', 'drama', 'fantasy', 'melodrama']",Secret Love,8,"1,405"
"['thriller', 'mystery', 'psychological', 'drama']",Secret Mother,8.1,47
['historical'],Secret Queen Makers,N/A,N/A
"['historical', 'mystery', 'comedy', 'romance']",Secret Royal Inspector & Joy,N/A,N/A
"['business', 'romance', 'melodrama']",Secrets and Lies,5.3,8
"['romance', 'drama', 'melodrama']",Secrets of Women,6.5,12
"['comedy', 'romance', 'drama', 'fantasy']",19,7.7,"6,667"
"['thriller', 'mystery', 'comedy', 'fantasy']",Sell Your Haunted House,7.6,"1,280"
"['comedy', 'romance', 'life', 'youth']",Semantic Error,N/A,N/A
"['historical', 'drama']",1945,6.3,9
"['comedy', 'romance', 'drama', 'melodrama']","Seoyoung, My Daughter",N/A,N/A
"['comedy', 'romance', 'life', 'youth']",Sharp,8.5,22
"['mystery', 'psychological', 'crime', 'drama']",She Knows Everything,6.1,52
"['comedy', 'romance', 'drama']",She Was Pretty,7.6,"5,815"
"['business', 'comedy', 'romance', 'drama']",She Would Never Know,7.5,"1,524"
"['historical', 'romance', 'supernatural', 'political']",Shine or Go Crazy,7.3,253
"['romance', 'family']",Shining Romance,N/A,N/A
"['comedy', 'romance', 'drama']",Shooting Stars,7.6,"2,508"
"['comedy', 'romance', 'life', 'drama']",Shopping King Louie,7.5,"1,484"
"['comedy', 'romance', 'life', 'sports']",Short,N/A,N/A
"['comedy', 'romance', 'life', 'melodrama']",Should We Kiss First?,N/A,N/A
"['thriller', 'mystery', 'romance', 'drama']",Show Window: The Queen's House,N/A,N/A
"['thriller', 'mystery', 'sci-fi']",Sign,7.6,75
"['thriller', 'mystery', 'sci-fi']",Signal,8.5,"8,621"
"['historical', 'drama', 'political']",Sin Don,N/A,N/A
"['romance', 'family', 'melodrama']",Single Dad in Love,N/A,N/A
['romance'],Sisters of the Sea,N/A,N/A
"['action', 'thriller', 'mystery', 'sci-fi']",Sisyphus: The Myth,N/A,N/A
"['action', 'historical', 'drama', 'political']",Six Flying Dragons,N/A,N/A
"['action', 'thriller', 'mystery', 'supernatural']",Sketch,7.5,252
"['mystery', 'psychological', 'drama']",Sky Castle,8.6,"3,792"
"['romance', 'drama', 'sports', 'melodrama']",Smile Again,7.2,30
['romance'],"Smile, Mom",N/A,N/A
"['romance', 'drama']",Snow Flower,N/A,N/A
"['romance', 'drama', 'melodrama', 'political']",Snowdrop,8.1,"11,767"
"['music', 'comedy', 'romance']",So I Married the Anti-fan,N/A,N/A
"['comedy', 'romance', 'youth', 'sitcom']",So Not Worth It,7,"1,315"
"['law', 'youth', 'drama']",Solomon's Perjury,7.4,258
"['thriller', 'mystery', 'psychological', 'mature']",Somebody,8.2,11
"['romance', 'life', 'youth']",Someday,7.7,22
"['comedy', 'romance', 'drama']",1,7.7,"1,412"
"['romance', 'drama', 'melodrama']",Something Happened in Bali,N/A,N/A
"['romance', 'life', 'drama', 'melodrama']",Something in the Rain,8.1,"7,898"
"['action', 'thriller', 'historical', 'drama']",Song of the Bandits,7.2,"1,158"
"['life', 'drama']",Songgot: The Piercer,N/A,N/A
"['comedy', 'romance', 'drama', 'medical']",Soul,7.5,60
"['comedy', 'romance', 'drama', 'medical']",Soul Mechanic,7.4,161
"['music', 'romance']",Soundtrack,N/A,N/A
"['action', 'mystery', 'psychological']",Special Affairs Team TEN,7.7,137
"['action', 'business', 'comedy', 'drama']",Special Labor Inspector,N/A,N/A
"['romance', 'drama', 'melodrama']",Splash Splash Love,N/A,N/A
"['historical', 'drama', 'political']",Splendid Politics,6.9,125
"['thriller', 'romance', 'drama']",Sponsor,5.2,27
"['mystery', 'business', 'law', 'political']",Spotlight,7.3,32
"['romance', 'drama']",Spring Day,N/A,N/A
"['business', 'comedy', 'drama', 'fantasy']",Spring Turns to Spring,N/A,N/A
"['thriller', 'romance', 'crime', 'political']",Spy,6.3,61
"['action', 'comedy', 'romance', 'crime']",Spy Myung-wol,6.8,141
"['mystery', 'comedy', 'crime', 'drama']",38,7.6,506
"['action', 'thriller', 'mystery', 'drama']",Squid Game,8,"500,403"
"['romance', 'drama']",Stained Glass,N/A,N/A
"['business', 'comedy', 'sitcom']",Standby,8.9,69
"['romance', 'drama', 'family']",Star in My Heart,N/A,N/A
"['thriller', 'mystery', 'romance', 'drama']",Stars Falling from the Sky,7.1,125
"['youth', 'drama']",Start-Up,8,"13,097"
"['music', 'romance']",Star's Echo,N/A,N/A
"['comedy', 'romance', 'drama', 'supernatural']",Star's Lover,6.7,27
"['comedy', 'romance', 'crime', 'drama']",Steal Heart,N/A,N/A
"['action', 'adventure', 'mystery', 'comedy']",Stealer: The Treasure Keeper,6.4,162
"['music', 'mystery', 'comedy', 'romance']",17,7.9,"2,464"
['romance'],Still You,N/A,N/A
"['thriller', 'mystery', 'law', 'drama']",Stranger,8.5,"9,563"
"['law', 'romance', 'drama']",Strangers Again,6.4,216
"['action', 'comedy', 'romance', 'supernatural']",Strong Girl Bong-soon,8.2,"15,458"
"['action', 'comedy', 'romance', 'supernatural']",Strong Woman Gang Nam-soon,N/A,N/A
"['business', 'comedy', 'romance', 'life']",Strongest Chil Woo,7,42
"['business', 'comedy', 'romance', 'life']",Strongest Deliveryman,7.3,918
"['comedy', 'romance', 'drama', 'family']",Successful Story of a Bright Girl,7,122
"['action', 'business', 'law', 'drama']",Suits,N/A,N/A
"['romance', 'life', 'drama', 'melodrama']",Summer Strike,7.8,"1,457"
"['romance', 'youth']",Sungkyunkwan Scandal,7.8,"1,773"
"['romance', 'drama']",Sunlight Pours Down,N/A,N/A
"['romance', 'drama']",Sunny Again Tomorrow,N/A,N/A
"['comedy', 'romance', 'drama', 'medical']",Super Daddy Yeol,7.4,67
"['action', 'comedy', 'crime', 'drama']",Super Rookie,N/A,N/A
"['romance', 'drama', 'medical', 'melodrama']",Surgeon Bong Dal-hee,7.4,34
"['thriller', 'comedy', 'law', 'romance']",Suspicious Partner,7.8,"6,354"
"['comedy', 'romance', 'drama', 'supernatural']",Sweden Laundry,6.3,49
"['comedy', 'romance', 'life', 'drama']",18,N/A,N/A
"['comedy', 'romance']",Sweet Buns,N/A,N/A
"['romance', 'drama', 'melodrama']",Sweet Enemy,6.9,8
"['action', 'horror', 'drama', 'sci-fi']",Sweet Home,7.3,"26,618"
"['romance', 'drama', 'family', 'melodrama']","Sweet Home, Sweet Honey",6,8
"['food', 'comedy', 'romance', 'life']",Sweet Munchies,6.2,117
"['comedy', 'romance', 'youth', 'fantasy']",Sweet Revenge,N/A,N/A
"['thriller', 'mystery', 'romance', 'supernatural']",2,N/A,N/A
"['action', 'comedy', 'romance']",Sweet Spy,N/A,N/A
"['comedy', 'romance', 'life', 'drama']",Sweet Stranger and Me,N/A,N/A
"['action', 'comedy', 'romance', 'drama']","Sweet, Savage Family",6.5,16
"['thriller', 'mystery', 'comedy', 'law']",Switch,N/A,N/A
"['romance', 'drama', 'medical']",Syndrome,7.4,18
['historical'],Taejo Wang Geon,8.5,22
"['romance', 'drama']","Take Care of Us, Captain",7.3,95
"['comedy', 'romance', 'drama', 'fantasy']",Tale of Fairy,N/A,N/A
"['thriller', 'horror', 'romance', 'fantasy']",Tale of the Nine Tailed,7.9,"7,170"
"['historical', 'horror', 'romance', 'fantasy']",1938,N/A,N/A
['drama'],Tasty Life,N/A,N/A
"['action', 'thriller', 'crime', 'drama']",Taxi Driver,8,"4,836"
"['action', 'adventure', 'thriller', 'romance']",Tazza,7.8,82
"['action', 'mystery', 'comedy', 'drama']",Team Bulldog: Off-Duty Investigation,N/A,N/A
"['romance', 'drama']",Tears of Heaven,N/A,N/A
['historical'],Tears of the Dragon,N/A,N/A
"['thriller', 'mystery']",Tell Me What You Saw,7.6,942
"['food', 'comedy', 'romance', 'life']",Temperature of Love,7,609
"['romance', 'drama', 'melodrama']",Temptation,7.1,83
"['romance', 'drama', 'melodrama']",Temptation of Wife,7.5,90
"['romance', 'youth', 'drama', 'melodrama']",Tempted,7.1,"2,142"
"['comedy', 'romance', 'drama']",Terroir,7.5,8
"['comedy', 'romance', 'family', 'medical']",Thank You,7.6,239
"['romance', 'crime', 'melodrama']","That Winter, the Wind Blows",N/A,N/A
"['thriller', 'drama', 'melodrama']",101,N/A,N/A
"['romance', 'drama', 'family', 'sitcom']",The Accidental Couple,N/A,N/A
"['drama', 'family', 'melodrama']",The All-Round Wife,N/A,N/A
"['business', 'drama', 'political']",The Banker,6.7,18
"['comedy', 'romance', 'melodrama', 'supernatural']",The Beauty Inside,N/A,N/A
"['romance', 'drama', 'family', 'melodrama']",The Birth of a Family,7.9,10
"['action', 'historical', 'romance', 'drama']",The Blade and Petal,7.1,41
"['comedy', 'romance', 'drama', 'fantasy']",The Bride of Habaek,6.9,"3,616"
"['action', 'thriller', 'mystery']",The Chaser,7.7,61
"['romance', 'drama', 'family']",The Clinic for Married Couples: Love and War,N/A,N/A
"['thriller', 'mystery', 'horror', 'supernatural']",The Cursed,7.1,640
"['historical', 'romance', 'melodrama', 'political']",The Crowned Clown,8,"1,372"
"['historical', 'drama', 'political']",The Dawn of the Empire,N/A,N/A
"['thriller', 'mystery', 'comedy', 'drama']",The Day of the Kidnapping,N/A,N/A
"['mystery', 'law', 'crime', 'drama']",The Devil Judge,8.3,"3,702"
"['comedy', 'romance', 'drama', 'medical']",The Doctors,N/A,N/A
"['action', 'thriller', 'mystery', 'drama']",The Duo,6.7,36
"['drama', 'family']",The Eldest,N/A,N/A
"['historical', 'romance', 'drama', 'political']",The Emperor: Owner of the Mask,7.3,707
"['law', 'drama', 'melodrama']",The Empire,7.2,27
"['mystery', 'drama', 'medical']",The End of the World,6.4,8
"['thriller', 'mystery', 'drama']",The Escape of the Seven,8.3,29
"['business', 'comedy', 'romance', 'life']",The Fabulous,6.5,"1,248"
"['comedy', 'romance', 'family']",The Family is Coming,6.1,16
"['action', 'mystery', 'comedy', 'crime']",The Fiery Priest,8.2,"1,415"
"['action', 'thriller', 'mystery', 'drama']",The First Responders,8,910
"['historical', 'mystery', 'comedy', 'romance']",The Forbidden Marriage,7.5,664
"['thriller', 'historical', 'romance', 'medical']",The Fugitive of Joseon,7.9,103
"['action', 'thriller', 'psychological', 'romance']",The Fugitive: Plan B,6.9,284
"['thriller', 'mystery', 'psychological', 'supernatural']",The Game: Towards Zero,7.1,323
"['comedy', 'romance', 'life', 'drama']",The Gentlemen of Wolgyesu Tailor Shop,N/A,N/A
"['thriller', 'mystery', 'horror', 'supernatural']",The Ghost Detective,6.8,207
"['thriller', 'drama', 'melodrama']",The Glory,8.1,"21,923"
"['psychological', 'drama', 'fantasy', 'supernatural']",The Golden Garden,N/A,N/A
"['psychological', 'drama', 'fantasy', 'supernatural']",The Golden Spoon,7.6,"1,062"
"['comedy', 'life', 'drama', 'family']",The Good Bad Mother,8.4,"3,338"
"['action', 'thriller', 'mystery', 'drama']",The Good Detective,7.6,"1,272"
"['law', 'romance', 'drama', 'political']",The Good Wife,7,146
['historical'],"The Great King, Sejong",N/A,N/A
"['historical', 'romance', 'drama']",The Great Merchant,6.5,18
"['historical', 'romance', 'supernatural', 'war']",The Great Seer,7.7,82
"['mystery', 'romance', 'youth', 'supernatural']",The Great Shaman Ga Doo-shim,N/A,N/A
"['comedy', 'drama', 'political']",The Great Show,7.1,134
"['business', 'comedy', 'romance']",The Greatest Love,7.8,"1,142"
"['comedy', 'romance', 'family', 'melodrama']",The Greatest Marriage,6.6,154
"['action', 'thriller', 'mystery', 'law']",The Guardians,N/A,N/A
"['thriller', 'mystery', 'horror', 'supernatural']",The Guest,N/A,N/A
"['comedy', 'romance', 'drama', 'melodrama']",The Heirs,N/A,N/A
"['comedy', 'romance', 'drama', 'fantasy']",The Heavenly Idol,6.5,602
"['music', 'historical', 'romance', 'melodrama']",The Hymn of Death,N/A,N/A
"['comedy', 'romance', 'drama', 'fantasy']",The Idle Mermaid,N/A,N/A
['music'],The Idolmaster KR,N/A,N/A
"['romance', 'drama', 'melodrama']",The Innocent Man,7.6,"2,163"
"['romance', 'life', 'drama', 'melodrama']",The Interest of Love,6.5,"1,066"
"['historical', 'drama', 'political']",The Jingbirok: A Memoir of Imjin War,N/A,N/A
"['action', 'thriller', 'psychological', 'romance']",2,7.8,"8,581"
"['thriller', 'mystery', 'comedy']",The Killer's Shopping List,7,244
"['thriller', 'mystery', 'horror']",The Killing Vote,7.8,323
"['military', 'comedy', 'romance', 'drama']",2,7.6,"1,450"
"['historical', 'drama', 'political']",The King and I,7.8,34
['historical'],The King and the Queen,N/A,N/A
"['historical', 'romance', 'drama', 'political']",The King in Love,N/A,N/A
"['historical', 'drama']",The King of Chudong Palace,N/A,N/A
"['business', 'comedy', 'romance', 'drama']",The King of Dramas,7.5,116
"['thriller', 'mystery', 'drama']",The King of Pigs,N/A,N/A
"['thriller', 'historical', 'drama', 'political']","The King of Tears, Lee Bang-won",4.1,171
"['mystery', 'romance', 'drama', 'sci-fi']",The King: Eternal Monarch,8.1,"14,640"
"['historical', 'romance', 'drama']",The King's Affection,7.9,"4,894"
"['historical', 'romance', 'drama']","The King's Daughter, Soo Baek-hyang",N/A,N/A
"['historical', 'romance', 'drama', 'medical']",The King's Doctor,N/A,N/A
"['action', 'thriller', 'historical', 'romance']",The King's Face,6.9,144
"['comedy', 'romance', 'drama', 'fantasy']",The Kingdom of the Winds,7.6,"1,253"
"['thriller', 'mystery', 'romance', 'drama']",The Lady in Dignity,7.5,319
"['action', 'thriller', 'mystery', 'romance']",The Last Empress,7.1,699
"['romance', 'youth', 'sports']",The Last Match,N/A,N/A
"['comedy', 'law', 'romance']",The Law Cafe,7.4,865
"['comedy', 'romance', 'drama', 'fantasy']",The Legend,7.7,241
"['comedy', 'romance', 'drama', 'fantasy']",The Legend of the Blue Sea,N/A,N/A
"['music', 'comedy', 'romance', 'youth']",The Liar and His Lover,N/A,N/A
"['thriller', 'mystery', 'drama']",The Lies Within,7.1,512
"['romance', 'life', 'drama', 'melodrama']",The Light in Your Eyes,7.8,"1,041"
"['comedy', 'romance', 'life', 'youth']",The Love Is Coming,N/A,N/A
"['comedy', 'romance', 'life']",The Lover,7.2,177
"['action', 'comedy', 'romance', 'drama']",The Man in the Mask,N/A,N/A
"['food', 'mystery', 'drama', 'melodrama']",The Master of Revenge,7.8,43
"['historical', 'drama']",The Merchant,N/A,N/A
"['historical', 'business', 'melodrama', 'political']",2015,8,65
"['comedy', 'romance', 'drama', 'supernatural']",The Miracle,6.2,263
"['comedy', 'romance', 'fantasy', 'melodrama']",The Miracle We Met,N/A,N/A
"['life', 'melodrama']",The Most Beautiful Goodbye,N/A,N/A
"['music', 'romance', 'drama', 'melodrama']",The Musical,6.1,36
"['mystery', 'horror', 'youth', 'supernatural']",The Mysterious Class,N/A,N/A
"['romance', 'drama', 'melodrama']",The Noblesse,N/A,N/A
"['mystery', 'romance', 'drama', 'melodrama']",The One and Only,N/A,N/A
"['adventure', 'comedy', 'romance', 'life']",The Package,7.5,420
"['thriller', 'mystery', 'drama']",The Penthouse: War in Life,7.9,"3,656"
"['action', 'historical', 'romance', 'political']",The Princess' Man,8.2,614
"['comedy', 'romance', 'drama']",The Producers,7.3,"1,594"
"['romance', 'melodrama']",The Promise,N/A,N/A
"['business', 'comedy', 'romance', 'drama']",The Queen of Office,7.8,73
"['youth', 'drama']",The Queen's Classroom,7.7,88
"['romance', 'drama', 'melodrama']",The Real Has Come!,N/A,N/A
"['action', 'thriller', 'historical', 'romance']",The Rebel,N/A,N/A
"['historical', 'romance', 'drama', 'melodrama']",The Red Sleeve,N/A,N/A
"['historical', 'drama']",The Reputable Family,5.7,7
"['drama', 'family', 'melodrama']",The Return of Hwang Geum-bok,7.9,11
"['romance', 'drama', 'melodrama']",The Rich Son,N/A,N/A
"['romance', 'family']",The Road Home,N/A,N/A
"['thriller', 'mystery', 'drama']",The Road: The Tragedy of One,N/A,N/A
"['action', 'historical', 'comedy', 'drama']",The Royal Gambler,7.5,291
"['mystery', 'law', 'drama']",The Running Mates: Human Rights,7.3,17
"['thriller', 'romance', 'drama', 'melodrama']",The Scandal,N/A,N/A
"['historical', 'mystery', 'romance', 'fantasy']",The Scholar Who Walks the Night,7.2,"1,071"
"['mystery', 'horror', 'comedy', 'supernatural']",The School Nurse Files,6.4,"1,451"
"['romance', 'drama', 'melodrama']",The Second Husband,N/A,N/A
"['thriller', 'romance', 'drama']",The Secret House,N/A,N/A
"['business', 'comedy', 'romance', 'drama']",The Secret Life of My Secretary,7.3,"1,392"
"['romance', 'drama']",The Secret Lovers,N/A,N/A
"['romance', 'drama', 'melodrama']",The Secret of Birth,N/A,N/A
"['romance', 'drama', 'family', 'melodrama']",The Secret of My Love,6,8
"['historical', 'mystery', 'romance', 'drama']",The Secret Romantic Guesthouse,7.3,286
"['thriller', 'mystery', 'horror', 'sci-fi']",The Silent Sea,6.9,"23,582"
"['thriller', 'drama', 'melodrama']",The Slingshot,7.4,42
"['thriller', 'mystery', 'romance', 'drama']",The Smile Has Left Your Eyes,7.9,"1,586"
"['adventure', 'mystery', 'fantasy']",The Snow Queen,7.9,229
"['music', 'psychological', 'drama', 'fantasy']",The Sound of Magic,7.6,"4,621"
"['comedy', 'life', 'sitcom']",The Sound of Your Heart,8.2,"1,392"
"['action', 'mystery', 'comedy', 'romance']",The Spies Who Loved Me,6.4,226
"['mystery', 'drama', 'melodrama']",The Suspicious Housekeeper,7.5,174
"['action', 'historical', 'comedy', 'romance']",The Tale of Nokdu,7.8,"1,672"
"['food', 'comedy', 'romance', 'drama']",The Third Charm,6.2,442
"['comedy', 'life', 'drama', 'medical']",The Third Hospital,N/A,N/A
"['action', 'adventure', 'historical', 'romance']",The Three Musketeers,7.2,148
"['comedy', 'romance', 'drama', 'fantasy']",The Three Witches,N/A,N/A
"['comedy', 'romance', 'youth']",The Time,N/A,N/A
"['comedy', 'romance', 'youth']",The Time We Were Not in Love,7.1,414
"['action', 'mystery', 'drama', 'supernatural']",The Uncanny Counter,8,"9,924"
"['comedy', 'romance', 'life', 'drama']",The Undateables,N/A,N/A
"['thriller', 'mystery', 'supernatural']",The Vampire Detective,N/A,N/A
"['action', 'thriller', 'mystery', 'crime']",The Veil,7.5,"1,059"
"['thriller', 'mystery', 'horror', 'supernatural']",The Village: Achiara's Secret,7,257
"['comedy', 'romance', 'drama', 'family']",The Virtual Bride,N/A,N/A
"['thriller', 'mystery', 'medical']",The Virus,N/A,N/A
"['comedy', 'romance', 'family']",The Wedding Scheme,6.3,13
"['romance', 'drama', 'melodrama']",The Wind Blows,7.3,141
"['psychological', 'life', 'fantasy', 'supernatural']",The Witch's Diner,N/A,N/A
"['thriller', 'romance', 'drama', 'melodrama']",The World of the Married,8,"3,201"
"['action', 'thriller', 'mystery', 'crime']",The Worst of Evil,N/A,N/A
"['romance', 'life', 'drama']",Thirty-Nine,N/A,N/A
"['romance', 'life', 'drama']",This Is My Love,N/A,N/A
"['music', 'comedy', 'romance', 'supernatural']",Thousand Years of Love,6.1,38
"['comedy', 'romance', 'family']",Three Bold Siblings,7.2,23
"['comedy', 'romance', 'drama', 'fantasy']",Three Color Fantasy,N/A,N/A
"['comedy', 'romance', 'drama', 'fantasy']",Queen of the Ring,N/A,N/A
"['comedy', 'romance', 'drama', 'fantasy']",Romance Full of Life,N/A,N/A
"['thriller', 'mystery', 'sci-fi']",The Universe's Star,N/A,N/A
"['action', 'thriller', 'drama']",Three Days,7.1,215
"['comedy', 'sitcom']",Three Friends,N/A,N/A
['drama'],Three Sisters,N/A,N/A
"['drama', 'family']",Thrice Married Woman,N/A,N/A
"['thriller', 'mystery', 'drama']",Through the Darkness,N/A,N/A
"['thriller', 'mystery', 'fantasy', 'political']",Times,7,125
['romance'],To My Beloved,N/A,N/A
"['comedy', 'romance', 'drama', 'sports']",To the Beautiful You,7.2,"2,078"
"['business', 'comedy', 'life', 'drama']",Today's Webtoon,7.2,546
"['romance', 'drama']","Toji, the Land",8,8
['romance'],Tokyo Sun Shower,N/A,N/A
"['action', 'thriller', 'drama', 'fantasy']",Tomorrow,7.9,"11,596"
"['romance', 'life', 'youth']",Tomorrow Boy,5.8,13
"['romance', 'drama', 'melodrama', 'supernatural']","Tomorrow, with You",N/A,N/A
"['romance', 'life', 'drama', 'supernatural']",Top Management,7,224
"['comedy', 'romance', 'drama']",Top Star U-back,N/A,N/A
"['business', 'comedy', 'romance', 'drama']",Touch,7.1,89
"['comedy', 'law', 'romance', 'drama']",Touch Your Heart,7.6,"4,467"
"['action', 'thriller', 'mystery', 'drama']",Tracer,7.4,132
"['thriller', 'mystery', 'sci-fi']",Train,7.8,"1,081"
"['thriller', 'mystery', 'psychological', 'drama']",Trap,7.1,156
"['historical', 'drama']",Tree of Heaven,7.4,163
"['action', 'business', 'romance', 'drama']",Triangle,N/A,N/A
['drama'],Trio,N/A,N/A
"['comedy', 'romance', 'youth']",Triple,N/A,N/A
"['mystery', 'romance', 'melodrama', 'political']",Trolley,6.9,372
"['comedy', 'romance', 'youth', 'drama']",True Beauty,8,"11,518"
"['action', 'thriller', 'drama']",Tunnel,8.3,"3,301"
"['romance', 'life', 'melodrama']",Twelve Nights,6.4,61
"['romance', 'life', 'drama', 'melodrama']",Twenty-Five Twenty-One,N/A,N/A
"['romance', 'drama', 'family', 'melodrama']",Twinkle Twinkle,7.8,32
"['mystery', 'comedy', 'romance', 'supernatural']",Two Cops,7.2,477
"['romance', 'drama', 'family', 'melodrama']",Two Mothers,7.1,22
"['action', 'thriller', 'mystery', 'drama']",Two Outs in the Ninth Inning,N/A,N/A
"['action', 'thriller', 'mystery', 'drama']",Two Weeks,N/A,N/A
"['romance', 'drama', 'melodrama']",Two Wives,N/A,N/A
"['romance', 'drama', 'melodrama']",Two Women's Room,8.6,11
"['business', 'romance', 'melodrama']",Ugly Alert,8.5,71
"['comedy', 'romance', 'life']",Ugly Miss Young-ae,N/A,N/A
"['comedy', 'romance', 'drama']",Unasked Family,6.4,15
"['music', 'comedy', 'drama']",Uncle,8.1,106
"['action', 'mystery', 'comedy', 'supernatural']",Uncanny Counter,N/A,N/A
"['comedy', 'romance', 'drama', 'melodrama']",Uncontrollably Fond,7.8,"3,627"
"['historical', 'comedy', 'drama', 'political']",Under the Queen's Umbrella,N/A,N/A
"['action', 'thriller', 'mystery', 'crime']",Undercover,7.6,253
"['comedy', 'romance', 'drama']",Unkind Ladies,6.6,33
"['drama', 'family', 'melodrama']",Unknown Woman,3,51
"['thriller', 'mystery', 'comedy', 'fantasy']",Unlock My Boss,7.3,576
"['comedy', 'romance']",Unstoppable Marriage,8.5,17
['drama'],Until the Azalea Blooms,N/A,N/A
"['action', 'thriller', 'mystery', 'business']",Untouchable,7.3,79
"['action', 'thriller', 'mystery', 'crime']",Vagabond,8.1,"10,417"
"['comedy', 'drama', 'supernatural', 'sitcom']",Vampire Idol,7.1,35
"['action', 'mystery', 'drama', 'supernatural']",Vampire Prosecutor,7.5,251
"['thriller', 'romance', 'drama', 'melodrama']",Vengeance of the Bride,N/A,N/A
"['action', 'thriller', 'psychological', 'crime']",Vigilante,N/A,N/A
"['comedy', 'law', 'crime', 'drama']",Vincenzo,8.4,"24,600"
"['thriller', 'mystery', 'psychological']",Voice,7.6,"2,420"
"['thriller', 'comedy', 'romance', 'fantasy']",W,8,"12,827"
"['comedy', 'romance', 'drama', 'family']",Wang's Family,N/A,N/A
"['food', 'romance', 'drama']",Want a Taste?,N/A,N/A
"['mystery', 'drama', 'melodrama']",Wanted,7,86
"['business', 'romance']",War of Money,N/A,N/A
"['food', 'comedy', 'romance']",Warm and Cozy,6.8,515
"['action', 'historical', 'romance', 'martial arts']",Warrior Baek Dong-soo,N/A,N/A
"['comedy', 'romance', 'drama']",Was It Love?,N/A,N/A
"['thriller', 'mystery', 'drama', 'political']",Watcher,7.8,541
"['romance', 'life', 'drama']",We Are Dating Now,7.3,38
"['action', 'youth', 'drama']",1,N/A,N/A
"['music', 'romance', 'youth']",We Broke Up,N/A,N/A
"['romance', 'drama']",Wedding,N/A,N/A
"['comedy', 'romance', 'life', 'youth']",3,N/A,N/A
"['comedy', 'romance', 'life', 'sports']",Weightlifting Fairy Kim Bok-joo,8.3,"11,677"
"['romance', 'life', 'drama']",Welcome,7.1,617
"['comedy', 'law', 'romance', 'fantasy']",2,7.2,196
"['comedy', 'romance', 'drama', 'family']",Welcome Rain to My Life,N/A,N/A
"['comedy', 'romance', 'life', 'drama']",Welcome to Waikiki,8.2,"2,976"
"['comedy', 'romance', 'life', 'drama']",2,N/A,N/A
"['romance', 'life', 'drama']",Welcome to Wedding Hell,6.1,215
"['historical', 'drama', 'political']",West Palace,N/A,N/A
"['comedy', 'romance', 'drama']",What Happens to My Family?,N/A,N/A
['romance'],What's for Dinner?,N/A,N/A
"['comedy', 'romance', 'life']",What's Up,N/A,N/A
"['comedy', 'romance', 'life']",What's Up Fox,N/A,N/A
"['business', 'comedy', 'romance']",What's Wrong with Secretary Kim,8.1,"16,276"
"['romance', 'drama']",When a Man Falls in Love,N/A,N/A
"['romance', 'drama', 'melodrama']",When I Was the Most Beautiful,6.8,130
"['romance', 'life', 'drama', 'family']",When My Love Blooms,7.4,534
"['thriller', 'comedy', 'romance', 'drama']",When the Camellia Blooms,7.9,"2,960"
"['music', 'comedy', 'drama', 'fantasy']",When the Devil Calls Your Name,7.5,222
"['romance', 'life', 'drama', 'melodrama']",When the Weather Is Fine,7.8,"1,922"
['romance'],When Women Powder Twice,N/A,N/A
"['comedy', 'romance', 'fantasy', 'melodrama']",Where Stars Land,7.1,"1,190"
"['romance', 'youth', 'drama', 'melodrama']",Where Your Eyes Linger,N/A,N/A
"['comedy', 'romance', 'life', 'drama']",Which Star Are You From,7.5,53
"['romance', 'drama', 'melodrama']",While You Were Sleeping,8.3,"8,878"
"['thriller', 'law', 'romance', 'drama']",Whisper,7.1,204
"['romance', 'family']",White Lie,N/A,N/A
"['action', 'drama']",3.98,N/A,N/A
"['mystery', 'horror', 'romance', 'supernatural']",Who Are You?,7.4,50
"['mystery', 'law', 'romance', 'melodrama']",Why Her,7.6,"1,038"
"['romance', 'life', 'drama']",Wife Returns,N/A,N/A
"['comedy', 'romance', 'sports']",Wild Romance,7.1,293
"['mystery', 'law', 'drama']",Witch at Court,N/A,N/A
['action'],Witch Yoo Hee,N/A,N/A
"['business', 'comedy', 'romance']",Witch's Love,N/A,N/A
"['food', 'comedy', 'romance', 'drama']",Wok of Love,7.4,"1,255"
"['thriller', 'romance', 'drama', 'melodrama']",Woman in a Veil,N/A,N/A
"['thriller', 'mystery', 'drama']",9.9,7.3,97
['romance'],"Woman of Matchless Beauty, Park Jung-geum",N/A,N/A
"['law', 'drama', 'melodrama']",Woman with a Suitcase,7,65
"['romance', 'drama', 'melodrama']",Women in the Sun,N/A,N/A
"['romance', 'drama']",Wonderful Days,7.6,73
"['comedy', 'romance', 'drama', 'melodrama']",Wonderful Life,6.8,123
"['romance', 'drama', 'family', 'melodrama']",Wonderful Mama,6.2,17
"['comedy', 'romance', 'drama', 'melodrama']",Woori the Virgin,5.2,278
"['comedy', 'life', 'drama']","Work Later, Drink Now",N/A,N/A
['romance'],Working Mom,7.1,10
"['comedy', 'drama', 'family', 'melodrama']",Working Mom Parenting Daddy,N/A,N/A
"['romance', 'youth', 'drama', 'family']",Wuri's Family,N/A,N/A
"['business', 'romance', 'life', 'drama']",XX,N/A,N/A
['historical'],Yeon Gaesomun,N/A,N/A
"['comedy', 'life']",539,N/A,N/A
"['music', 'business', 'comedy']",YG Future Strategy Office,N/A,N/A
"['life', 'drama', 'sci-fi', 'melodrama']",Yonder,N/A,N/A
"['action', 'romance', 'drama', 'medical']",Yong-pal,N/A,N/A
"['drama', 'melodrama']",You and I,8,11
"['romance', 'drama', 'melodrama']",You Are a Gift,N/A,N/A
"['business', 'comedy', 'romance', 'drama']",You Are My Destiny,7.5,109
"['thriller', 'mystery', 'romance', 'drama']",You Are My Spring,7.4,850
"['comedy', 'romance', 'drama', 'family']",You Are the Best!,7.3,286
"['romance', 'drama', 'family', 'melodrama']",You Are the Boss!,N/A,N/A
"['romance', 'drama', 'family']",You Are the Only One,6.1,9
"['music', 'drama', 'family', 'melodrama']",You Are Too Much,N/A,N/A
"['romance', 'drama']",You Don't Know Women,N/A,N/A
"['comedy', 'romance', 'life', 'drama']",You Drive Me Crazy,N/A,N/A
"['action', 'mystery', 'comedy', 'drama']",You're All Surrounded,7.5,"1,404"
"['music', 'comedy', 'romance', 'drama']",You're Beautiful,N/A,N/A
"['romance', 'drama', 'family']",You're Only Mine,N/A,N/A
"['comedy', 'romance', 'family', 'melodrama']",Young Lady and Gentleman,6.4,475
N/A,Your Honor,7.6,305
"['comedy', 'romance', 'life']",Your House Helper,7,187
"['romance', 'drama', 'family', 'melodrama']",Your Lady,8,8
"['mystery', 'comedy', 'romance', 'family']",Your Neighbor's Wife,6.9,9
"['music', 'life', 'youth', 'drama']",Youth,N/A,N/A
"['romance', 'youth', 'drama', 'melodrama']",Youth of May,8.3,"1,892"
"['comedy', 'romance', 'life']",Yumi's Cells,8.2,"2,540"
"['thriller', 'mystery', 'comedy', 'fantasy']",Zombie Detective,7.3,993
