kdrama_name,original_networks
100 Days My Prince,tvN
12 Signs of Love,tvN
12 Years Promise,jTBC
18 Again,jTBC
1st Republic,NA
365: Repeat the Year,MBC
4 Legendary Witches,MBC
5th Republic,MBC
7th Grade Civil Servant,MBC
A Beautiful Mind,KBS
A Bird That Doesn't Sing,tvN
A Daughter Just Like You,MBC
A Gentleman's Dignity,SBS
A Girl Who Sees Smells,SBS
A Good Day to Be a Dog,MBC
A Happy  Woman,KBS
A Hundred Year Legacy,MBC
A Korean Odyssey,Netflix
A Korean Odyssey, tvN
A Little Love Never Hurts,MBC
A Love So Beautiful,Daum Kakao TV
A Love So Beautiful, Netflix
A Model Family,Netflix
A New Leaf,MBC
A Piece of Your Mind,tvN
A Place in the Sun,KBS
A Pledge to God,MBC
A Poem a Day,tvN
A Shoulder to Cry On,NA
A Superior Day,OCN
A Tale of Two Sisters,KBS
A Thousand Days' Promise,SBS
A Thousand Kisses,MBC
A Time Called You,Netflix
A Witch's Love,tvN
A-Teen,Naver TV Cast
A-Teen, vLive
A-Teen 2,Naver TV Cast
A-Teen 2, vLive
About Time,tvN
Abyss,Netflix
Abyss, tvN
Ad Genius Lee Tae-baek,KBS
Adamas,tvN
Adult Trainee,TVING
"Aeja's Older Sister, Minja",SBS
Aftermath,Naver TV Cast
Again My Life,SBS
Again My Life, ViuTV
Age of Warriors,KBS
Agency,jTBC
Air City,MBC
Alchemy of Souls,Netflix
Alchemy of Souls, tvN
Alice,SBS
All About Eve,SBS
All About My Mom,KBS
All About My Romance,SBS
All In,SBS
All My Love For You,MBC
All of Us Are Dead,Netflix
All That We Loved,TVING
Alone in Love,SBS
Amanza,Daum Kakao TV
Amor Fati,SBS
Andante,KBS
Ang Shim Jung,EChannel
Angel Eyes,SBS
Angel's Choice,MBC
Angel's Last Mission: Love,KBS
Angel's Revenge,KBS
Angry Mom,MBC
Anna,NA
Another Miss Oh,tvN
Another Peaceful Day of Second-Hand Items,Naver TV Cast
Apgujeong Midnight Sun,MBC
April Kiss,KBS
Arang and the Magistrate,MBC
Are You Human?,KBS
Argon,tvN
Arthdal Chronicles,Netflix
Arthdal Chronicles, tvN
Artificial City,jTBC
Ask the Stars,tvN
Asphalt Man,SBS
Assembly,KBS
At Eighteen,jTBC
At Eighteen, Viki
"At a Distance, Spring Is Green",iQiyi
"At a Distance, Spring Is Green", KBS
"At a Distance, Spring Is Green", Viki
Autumn Shower,MBC
Avengers Social Club,tvN
Awaken,tvN
Babel,TV Chosun
Babel, Viki
Baby Faced Beauty,KBS
Babysitter,KBS
Bachelor's Vegetable Store,Channel A
Backstreet Rookie,iQiyi
Backstreet Rookie, SBS
Bad and Crazy,iQiyi
Bad and Crazy, tvN
Bad Guy,OCN
Bad Guys,OCN
Bad Guys 2,OCN
Bad Housewife,SBS
Bad Papa,MBC
Bad Prosecutor,KBS
"Bad Thief, Good Thief",MBC
"Bad Woman, Good Woman",MBC
Ballad of Seodong,SBS
Band of Sisters,SBS
Banjun Drama,SBS
Basketball,tvN
Battle for Happiness,Amazon Prime
Battle for Happiness, ENA
Battle for Happiness, TVING
Be Melodramatic,jTBC
Be Melodramatic, Viki
Be My Dream Family,KBS
Be Positive,Naver TV Cast
"Be Strong, Geum-soon!",MBC
Beating Again,jTBC
Beating Heart,MBC
Beautiful Days,KBS
Beautiful Gong Shim,SBS
"Beautiful Love, Wonderful Life",KBS
Beautiful World,jTBC
Beautiful World, Viki
Because This Is My First Life,tvN
Because This Is My First Twenty,tvN
Becky's Back,KBS
Becoming Witch,TV Chosun
Behind Every Star,Netflix
Behind Every Star, tvN
Behind the White Tower,MBC
Behind Your Touch,jTBC
Behind Your Touch, Netflix
Behind Your Touch, TVING
Bel Ami,KBS
Best Chicken,DramaX
Best Chicken, MBN
Best Chicken, Viki
Beyond Evil,jTBC
Beyond the Clouds,KBS
Big,KBS
Big Bet,Disney
Big Bet, Hulu
Big Issue,SBS
Big Man,KBS
Big Mouth,Hulu
Big Mouth, MBC
Big Thing,Hulu
Big Thing, MBC
"Billie Jean, Look at Me",MBC
Birdie Buddy,tvN
Birth of a Beauty,SBS
Birthcare Center,tvN
Bitter Sweet Life,Naver TV Cast
Bizarre Bunch,KBS
Black,OCN
Black Dog: Being A Teacher,tvN
Black Knight,Netflix
Black Knight: The Man Who Guards Me,KBS
Blade Man,KBS
Blessing of the Sea,MBC
Blind,OCN
Blind, tvN
Blood,KBS
Blooded Palace: The War of Flowers,jTBC
Bloodhounds,Netflix
Bloody Heart,KBS
Bloody Romance,jTBC
Blossom Sisters,MBC
Blow Breeze,MBC
Blue Birthday,Naver TV Cast
Blue Birthday, Viki
Bodyguard,KBS
Bo-ra! Deborah,ENA
Bo-ra! Deborah, TVING
Born Again,KBS
Bossam: Steal the Fate,MBN
Bossam: Steal the Fate, Viki
Boys Over Flowers,KBS
Brain,KBS
Brain Works,KBS
Bravo My Life,SBS
"Bravo, My Life",SBS
"Bravo, My Love!",MBC
"Bread, Love and Dreams",KBS
Bridal Mask,KBS
Bride of the Century,TV Chosun
Bride of the Sun,SBS
Brilliant Heritage,KBS
Brilliant Legacy,KBS
"Bring It On, Ghost",tvN
Bubble Gum,tvN
Bubbly Lovely,SBS
Bulgasal: Immortal Souls,Netflix
Bulgasal: Immortal Souls, tvN
Business Proposal,Netflix
Business Proposal, SBS
Café Minamdang,NA
Call It Love,Disney
Call It Love, Hulu
"Can We Fall in Love, Again?",jTBC
Can We Get Married?,jTBC
Can't Lose,MBC
Can't Stand Anymore,jTBC
Capital Scandal,KBS
Catch the Ghost,tvN
Celebrity,Netflix
Cheat on Me If You Can,KBS
Cheer Up,SBS
Cheer Up!,SBS
"Cheer Up, Mr. Kim!",KBS
Cheese in the Trap,tvN
Cheongdam-dong Alice,SBS
Cheongdam-dong Scandal,SBS
Cheo Yong,OCN
Chicago Typewriter,tvN
Chicken Nugget,Netflix
Chief of Staff,jTBC
Chief of Staff, Netflix
Children of a Lesser God,OCN
Children of Nobody,MBC
Children of the 20th Century,MBC
Chimera,OCN
Chip In,MBC
Choco Bank,Naver TV Cast
Chocolate,jTBC
Chocolate, Netflix
Chunja's Special Day,NA
Cinderella Man,MBC
Cinderella with Four Knights,tvN
Cinderella's Stepsister,tvN
Circle,tvN
City Conquest,NA
City Hunter,SBS
City of the Sun,MBC Dramanet
Class of Lies,OCN
Clean with Passion for Now,jTBC
Cleaning Up,jTBC
Coffee House,Naver TV Cast
Coffee Prince,MBC
"Coffee, Do Me a Favor",Channel A
"Coffee, Do Me a Favor", Viki
Color Rush,LINE TV
Color Rush, Viki
Color Rush, ViuTV
Coma,OCN
Come and Hug Me,MBC
Come Back Mister,SBS
Confession,tvN
Connect,OBS
Conspiracy in the Court,KBS
"Cool Guys, Hot Ramen",tvN
Couple or Trouble,MBC
Crash Course in Romance,Netflix
Crash Course in Romance, tvN
Crash Landing on You,Netflix
Crash Landing on You, tvN
Crazy Love,tvN
Creating Destiny,MBC
Criminal Minds,tvN
Cross,tvN
Cruel Love,tvN
Cunning Single Lady,MBC
Curtain Call,KBS
Curtain Call, Viki
D-Day,jTBC
D.P.,Netflix
Dae Jang Geum Is Watching,MBC
Dae Jo-yeong,KBS
Daemyeong,KBS
Daily Dose of Sunshine,Netflix
Dal-ja's Spring,KBS
Dali & Cocky Prince,KBS
Damo,MBC
Dangerous Woman,MBC
Daring Women,MBC
Dark Hole,OCN
Dark Hole, tvN
Dating Agency: Cyrano,tvN
Dear Archimedes,tvN
Dear Heaven,SBS
Dear My Friends,tvN
Dear X Who Doesn't Love Me,TVING
Dear. M,TVING
Deep Rooted Tree,SBS
Definitely Neighbors,SBS
Delayed Justice,SBS
Delicious Proposal,MBC
Delightfully Deceitful,tvN
Delivery,NA
Delivery Man,ENA
Delivery Man, Genie TV
Delivery Man, ViuTV
Descendants of the Sun,KBS
Designated Survivor: 60 Days,Netflix
Designated Survivor: 60 Days, tvN
Destined With You,jTBC
Destined With You, Netflix
Detectives in Trouble,ENA
Detectives in Trouble, jTBC
Devilish Charm,DramaX
Devilish Charm, MBN
Devilish Charm, Viki
Diary of a Night Watchman,MBC
Diary of a Prosecutor,jTBC
Did We Really Love?,MBC
Different Dreams,MBC
Dinner Mate,iQiyi
Dinner Mate, MBC
Discovery of Love,KBS
Distorted,SBS
Diva of the Deserted Island,Netflix
Diva of the Deserted Island, TVING
Diva of the Deserted Island, tvN
Divorce Attorney Shin,jTBC
Divorce Attorney Shin, Netflix
Divorce Attorney Shin, TVING
Divorce Lawyer in Love,SBS
Do Do Sol Sol La La Sol,KBS
Do Do Sol Sol La La Sol, Netflix
Do You Like Brahms?,SBS
Doctor Detective,SBS
Doctor Doctor,SBS
Doctor John,SBS
Doctor Lawyer,MBC
Doctor Prisoner,KBS
Doctor Slump,jTBC
Doctor Slump, Netflix
Doctor Stranger,SBS
Dokgo Rewind,Oksusu
Dokgo Rewind, Viki
Don't Cry My Love,MBC
Don't Dare to Dream,SBS
Don't Hesitate,SBS
Don't Look Back: The Legend of Orpheus,KBS
Doom at Your Service,tvN
Doom at Your Service, ViuTV
Doona!,Netflix
Drama City: What Should I Do?,CGV
Puberty Medley,MBC
"Rock, Rock, Rock",NA
White Christmas,SBS
The Apartment Is Beautiful,KBS
Dream,SBS
Dream High,KBS
Dream High 2,KBS
Dream of the Emperor,KBS
Drinking Solo,tvN
Dr. Brain,NA
Dr. Frost,OCN
Dr. Ian,Naver TV Cast
Dr. Jin,MBC
Dr. Kkang,MBC
Dr. Park's Clinic,TVING
Dr. Romantic,SBS
Duel,OCN
Dummy Mommy,SBS
Duty After School,TVING
Eccentric! Chef Moon,Channel A
"Eight Days, Assassination Attempts against King Jeongjo",CGV
"Eighteen, Twenty-Nine",jTBC
"Eighteen, Twenty-Nine", Viki
Emergency Couple,tvN
Emperor of the Sea,KBS
Empire of Gold,SBS
Empress Cheonchu,MBC
Empress Ki,MBC
Empress Myeongseong,KBS
Enchanting Neighbor,SBS
Encounter,MBC
Endless Love,SBS
Endless Love Series,SBS
Spring Waltz,MBC
Summer Scent,KBS
Enemies from the Past,MBC
Entertainer,SBS
Entourage,tvN
Erexion,KBS
Eve,tvN
Evergreen,OCN
Everybody Say Kimchi,MBC
Exo Next Door,Naver TV Cast
Extracurricular,Netflix
Extraordinary Attorney Woo,ENA
Extraordinary Attorney Woo, Netflix
Extraordinary You,MBC
Ex-Girlfriends' Club,tvN
Eyes of Dawn,MBC
Faith,SBS
Falling for Challenge,Naver TV Cast
Familiar Wife,tvN
Family,KBS
Family Secret,tvN
Family's Honor,SBS
Family: The Unbreakable Bond,TVING
Family: The Unbreakable Bond, tvN
Fanletter Please,MBC
Fantastic,jTBC
Fashion 70s,SBS
Fashion King,SBS
Fatal Promise,KBS
Fates & Furies,SBS
Fates & Furies, Viki
"Father, I'll Take Care of You",MBC
Father's House,SBS
Feast of the Gods,MBC
Feel Good to Die,KBS
Fight for My Way,KBS
Find Me in Your Memory,MBC
Fireworks,MBC
First Love Again,LINE TV
First Love Again, Naver TV Cast
First Love Again, Viki
First Love of a Royal Prince,TVING
First Wives' Club,SBS
Five Enough,KBS
Five Fingers,SBS
Flames of Desire,SBS
Flower Band,tvN
Flower Crew: Joseon Marriage Agency,jTBC
Flower Crew: Joseon Marriage Agency, Viki
Flower Grandpa Investigation Unit,tvN
Flower of Evil,tvN
Flower of Queen,MBC
Flower of Revenge,jTBC
Flower That Blooms at Night,MBC
Flowers of the Prison,MBC
Fly High Butterfly,Amazon Prime
Fly High Butterfly, jTBC
Forecasting Love and Weather,jTBC
Forecasting Love and Weather, Netflix
Forest,KBS
Forever Young,NA
Foundation of the Kingdom,KBS
Four Sisters,MBC
"Freedom Fighter, Lee Hoe-young",KBS
Freeze,ENA
Freeze, Viki
"From Now On, Showtime!",MBC
"From Now On, Showtime!", ViuTV
Full House,SBS Plus
Full House Take 2,SBS Plus
Gangnam Beauty,jTBC
Gangnam Scandal,SBS
Gap-dong,tvN
Gaus Electronics,ENA
Gaus Electronics, Genie TV
Get Revenge,TV Chosun
Get Up,MBC
Ghost Doctor,tvN
Girls' Generation 1979,KBS
Glamorous Temptation,MBC
Glass Castle,SBS
Glass Mask,tvN
Glass Slippers,SBS
Glitch,Netflix
Gloria,Netflix
Glorious Day,SBS
Glory Jane,KBS
Go Back,KBS
God of War,MBC
Goddess of Fire,MBC
Goddess of Marriage,SBS
God's Gift: 14 Days,SBS
"Gogh, The Starry Night",SBS
"Gogh, The Starry Night", Sohu TV
Gold Mask,KBS
Golden Apple,KBS
Golden Bride,SBS
Golden Cross,KBS
Golden Fish,MBC
Golden Pouch,MBC
Golden Rainbow,MBC
Golden Time,MBC
Good Casting,SBS
Good Doctor,KBS
Good Job,ENA
Good Job, Viki
"Good Job, Good Job",MBC
Good Manager,KBS
Goodbye Dear Wife,Channel A
Goodbye Earth,Netflix
Goodbye Mr. Black,MBC
Goodbye My Love,MBC
Goodbye Solo,KBS
Goodbye to Goodbye,MBC
Graceful Family,MBN
Graceful Friends,jTBC
Gracious Revenge,KBS
Grand Prince,TV Chosun
Grand Prince, Viki
Green Mothers' Club,jTBC
Green Mothers' Club, Netflix
Green Rose,TVING
Grid,Disney
Grid, Hulu
Gu Family Book,MBC
Guardian Angel,SBS
Guardian: The Lonely and Great God,tvN
Gunman in Joseon,KBS
"Gwanggaeto, The Great Conqueror",KBS
Gyebaek,MBC
Gyeongseong Creature,Netflix
Haechi,SBS
Happiness,SBS
Happiness in the Wind,KBS
Happy Ending,jTBC
Happy Home,MBC
Happy Sisters,SBS
Happy Together,SBS
He Is Psychometric,tvN
Healer,KBS
Heard It Through the Grapevine,SBS
Heart Surgeons,SBS
Heart to Heart,tvN
Heartbeat,KBS
Heartless City,jTBC
Hearts and Hari,Tooniverse
Heartstrings,MBC
Hell Is Other People,OCN
Hellbound,Netflix
Hello Franceska,MBC
Hello Monster,KBS
"Hello, Me!",KBS
"Hello, Me!", Netflix
"Hello, My Twenties!",jTBC
Her Private Life,tvN
Here Comes Mr. Oh,MBC
Here's My Plan,MBC
Hero,OCN
"Hi Bye, Mama!",Netflix
"Hi Bye, Mama!", tvN
Hi! School: Love On,KBS
Hidden Identity,tvN
Hide and Seek,MBC
High Class,tvN
High End Crush,MBN
High End Crush, Naver TV Cast
High End Crush, Sohu TV
High Kick Through the Roof,MBC
High Kick!,MBC
High Kick: Revenge of the Short Legged,MBC
High School King of Savvy,tvN
High Society,SBS
History of a Salaryman,SBS
Hit the Top,KBS
Hogu's Love,tvN
Hold Me Tight,MBC
Hold My Hand,MBC
Home for Summer,KBS
Homemade Love Story,KBS
Hometown,tvN
Hometown Cha-Cha-Cha,Netflix
Hometown Cha-Cha-Cha, tvN
Hong Gil-dong,SBS
Hong Kong Express,SBS
Hospital Playlist,Netflix
Hospital Playlist, tvN
Hospital Ship,MBC
Hot Stove League,SBS
Hotel del Luna,tvN
Hotel King,MBC
Hotelier,MBC
House of Bluebird,KBS
How Are U Bread,Naver TV Cast
How Are U Bread, Viki
How Long I've Kissed,jTBC
How to Be Thirty,Daum Kakao TV
How to Be Thirty, Viki
How to Buy a Friend,KBS
How to Meet a Perfect Neighbor,SBS
How Should I Be,MBC
Hur Jun,MBC
"Hur Jun, The Original Story",MBC
Hush,iQiyi
Hush, jTBC
Hwang Jini,MBC
Hwarang: The Poet Warrior Youth,KBS
"Hyde Jekyll, Me",SBS
Hyena,tvN
I Am Legend,Naver TV Cast
I Can Hear Your Voice,SBS
"I Do, I Do",MBC
I Have a Lover,SBS
I Love Lee Taly,tvN
I Need Romance,tvN
I Need Romance 2012,tvN
I Need Romance 3,tvN
I Order You,SBS Plus
I Picked Up a Celebrity on the Street,Oksusu
I Picked Up a Celebrity on the Street, Viki
I Wanna Hear Your Song,KBS
I'm After You,Netflix
I'm After You, TV Chosun
I'm Not a Robot,MBC
"I'm Sorry, But I Love You",KBS
"I'm Sorry, I Love You",KBS
Ice Adonis,tvN
Ice Girl,Viki
Idol Drama Operation Team,KBS
Idol: The Coup,iQiyi
Idol: The Coup, jTBC
If Tomorrow Comes,MBC
If You Wish Upon Me,KBS
If You Wish Upon Me, ViuTV
Iljimae,MBC
Imaginary Cat,MBC every
Imitation,KBS
Imitation, Viki
Immortal Admiral Yi Sun-sin,KBS
In-soon Is Pretty,KBS
Incarnation of Money,SBS
Innocent Defendant,SBS
Insider,jTBC
Inspector Koo,jTBC
Inspector Koo, Netflix
Inspiring Generation,KBS
"Insu, the Queen Mother",jTBC
Into the Flames,TV Chosun
Introverted Boss,tvN
Invincible Lee Pyung Kang,vLive
Ireland,MBC
Iris,KBS
Iris II: New Generation,KBS
Is It Fate?,tvN
Island,Amazon Prime
Island, TVING
Itaewon Class,jTBC
Itaewon Class, Netflix
Item,MBC
It's My Life,KBS
It's Okay to Not Be Okay,Netflix
It's Okay to Not Be Okay, tvN
"It's Okay, Daddy's Girl",SBS
"It's Okay, That's Love",SBS
Ja Myung Go,NA
Jang Bo-ri Is Here!,MBC
"Jang Ok-jung, Living by Love",SBS
Jang Yeong-sil,KBS
Jeon Woo-chi,KBS
Jeong Do-jeon,KBS
Ji Woon-soo's Stroke of Luck,TV Chosun
Jinxed at First,KBS
Jinxed at First, Viki
Jirisan,iQiyi
Jirisan, tvN
Jolly Widows,KBS
Joseon Exorcist,SBS
Joseon Exorcist, Viki
Joseon Lawyer,MBC
Joseon Survival Period,TV Chosun
Joseon X-Files,SBS
Joseon X-Files, Viki
JTBC Drama Festa,jTBC
JTBC Drama Festa, Naver TV Cast
Hello Dracula,KBS
Judge vs. Judge,SBS
Jugglers,KBS
Jump,MBC
Jungle Fish,KBS
Jungle Fish 2,KBS
Junwoo,jTBC
Junwoo, Viki
Just Dance,KBS
Justice,KBS
Juvenile Justice,Netflix
Kairos,MBC
KBS Drama Special,KBS
Do You Know Taekwondo?,Naver TV Cast
If We Were a Season,MBC
My Prettiest Moments,MBC
Pinocchio's Nose,SBS
Reason,MBC
KBS TV Novel,KBS
A Sea of Her Own,KBS
Dal Soon's Spring,KBS
Dear My Sister,KBS
Eunhui,KBS
In Still Green Days,KBS
Land of Gold,KBS
Landscape in My Heart,KBS
"Love, My Love",KBS
My Mind's Flower Rain,KBS
Samsaengi,KBS
Single-minded Dandelion,KBS
Sunok,KBS
That Sun in the Sky,KBS
The Stars Are Shining,KBS
Kill Heel,tvN
Kill It,OCN
"Kill Me, Heal Me",MBC
Kim Is a Genius,jTBC
"Kim Su-ro, The Iron King",Naver TV Cast
"Kim Su-ro, The Iron King", vLive
Kimcheed Radish Cubes,MBC
Kimchi Cheese Smile,MBC
Kimchi Family,jTBC
King of Ambition,SBS
King the Land,jTBC
King the Land, Netflix
King the Land, TVING
Kingdom,Netflix
Kingmaker: The Change of Destiny,TV Chosun
Kiss Sixth Sense,Disney
Kiss Sixth Sense, Hulu
Kkondae Intern,MBC
Kokdu: Season of Deity,MBC
Korean Peninsula,TV Chosun
L.U.C.A.: The Beginning,tvN
Lady Cha Dal-rae's Lover,KBS
Land of Wine,SBS
Last,jTBC
Late Night Restaurant,SBS
Law School,jTBC
Law School, Netflix
Lawless Lawyer,tvN
Lawyers,MBC
"Lee San, Wind of the Palace",KBS
Left-Handed Wife,KBS
Legal High,jTBC
Legal High, Viki
Legend of Hyang Dan,MBC
Less Than Evil,MBC
Let Me Be Your Knight,iQiyi
Let Me Be Your Knight, SBS
Let Me Introduce Her,SBS
Let's Eat,tvN
Let's Eat 2,tvN
Let's Eat 3,tvN
Level Up,DramaX
Level Up, MBN
Level Up, Viki
Leverage,TV Chosun
Liar Game,tvN
Lie After Lie,Channel A
Lie to Me,SBS
Lies Hidden in My Garden,ENA
Lies Hidden in My Garden, Genie TV
Life,jTBC
Life, Netflix
Life Is Beautiful,KBS
Life on Mars,OCN
Lights and Shadows,MBC
Light on Me,Viki
Likeable or Not,KBS
"Link: Eat, Love, Kill",tvN
Listen to Love,jTBC
Listen to My Heart,MBC
Little Women,SBS
Live,Netflix
Live, tvN
Live On,jTBC
Live On, Naver TV Cast
Live On, Viki
Live Up to Your Name,tvN
Live Your Own Life,KBS
Liver or Die,KBS
Living Among the Rich,jTBC
Lobbyist,SBS
Local Hero,OCN
Longing for You,ENA
Longing for You, Genie TV
Longing for You, TVING
Longing for You, Viki
Look Back in Anger,KBS
Loss Time Life,NA
Lost,iQiyi
Lost, jTBC
Love & Secret,KBS
Love (ft. Marriage and Divorce),Netflix
Love (ft. Marriage and Divorce), TV Chosun
Love Again,jTBC
Love Alarm,Netflix
Love Alert,MBN
Love Alert, Viki
Love All Play,KBS
Love and Obsession,KBS
Love Can't Wait,MBC
Love for a Thousand More,Naver TV Cast
Love in 3 Colors,KBS
Love in Contract,tvN
Love in Contract, Viki
Love in Her Bag,jTBC
Love in Sadness,MBC
Love in the Moonlight,KBS
Love Is for Suckers,ENA
Love Is for Suckers, Viki
Love Me When You Can,MBC
Love on a Rooftop,KBS
Love Playlist,Naver TV Cast
Love Playlist, vLive
Love Rain,KBS
Love Returns,KBS
Love Revolution,Daum Kakao TV
Love Revolution, Viki
Love Scene Number,MBC
Love to Hate You,Netflix
Love to the End,KBS
Love Twist,KBS
Love with Flaws,MBC
Loveholic,KBS
Lovely Horribly,KBS
Lovers,SBS
Lovers in Bloom,KBS
Lovers in Paris,SBS
Lovers in Prague,SBS
Lovers of Haeundae,KBS
Lovers of Music,KBS
Lovers of the Red Sky,SBS
Lovers of the Red Sky, Viki
Lovers of the Red Sky, ViuTV
Lovestruck in the City,Daum Kakao TV
Lovestruck in the City, Netflix
Loving You a Thousand Times,Netflix
Loving You a Thousand Times, TVING
Loving You a Thousand Times, tvN
Lucifer,KBS
Lucky Romance,MBC
Ma Boy,Tooniverse
Mackerel Run,MBC
Mad Dog,KBS
Mad for Each Other,Daum Kakao TV
Mad for Each Other, Netflix
Madame Antoine: The Love Therapist,jTBC
Magic Cellphone,NA
Magic Kid Masuri,KBS
Make a Woman Cry,MBC
Make Your Wish,MBC
Mama,MBC
Man from the Equator,KBS
Man in a Veil,KBS
Man in the Kitchen,MBC
Man to Man,jTBC
Man Who Dies to Live,MBC
Manhole,KBS
Manny,tvN
Marriage Contract,MBC
"Marriage, Not Dating",tvN
Marry Him If You Dare,KBS
Marry Me Now,KBS
"Marry Me, Mary!",MBC
Marrying a Millionaire,SBS
Marrying My Daughter Twice,SBS
Mask,Naver TV Cast
Mask Girl,Netflix
Master's Sun,SBS
Matrimonial Chaos,KBS
May I Help You?,Amazon Prime
May I Help You?, MBC
May It Please the Court,Disney
May It Please the Court, Hulu
May Queen,MBC
"Me Too, Flower!",MBC
Medical Top Team,MBC
Melancholia,tvN
Melody of Love,KBS
Meloholic,OCN
Meloholic, Oksusu
Meloholic, Viki
Melting Me Softly,tvN
Memories of the Alhambra,Netflix
Memories of the Alhambra, tvN
Memorials,KBS
Memorist,tvN
Memory,tvN
Men Are Men,KBS
Mental Coach Jegal,tvN
Merry Mary,MBC
Midas,MBN
Midas, Naver TV Cast
Midas, Sohu TV
Military Prosecutor Doberman,tvN
Mimi,Mnet
Mina,KBS
Mine,Netflix
Mine, tvN
Miraculous Brothers,jTBC
Misaeng: Incomplete Life,tvN
Miss Ajumma,SBS
Miss Korea,MBC
Miss Lee,tvN
Miss Mamma Mia,KBS
Miss Mermaid,MBC
Miss Monte-Cristo,KBS
Miss Panda and Mr. Hedgehog,Channel A
Miss Ripley,MBC
Missing 9,MBC
Missing You,MBC
Missing: The Other Side,OCN
Mistress,OCN
Misty,jTBC
Model,SBS
Modern Farmer,SBS
Mom Has an Affair,SBS
Mom's Dead Upset,KBS
Money Flower,MBC
Money Game,tvN
Money Heist: Korea – Joint Economic Area,Netflix
Monstar,Mnet
Monster,MBC
Monstrous,TVING
Monthly Magazine Home,iQiyi
Monthly Magazine Home, jTBC
Moon Embracing the Sun,MBC
Moon Lovers: Scarlet Heart Ryeo,SBS
Moonshine,KBS
Moorim School: Saga of the Brave,KBS
More Than a Maid,jTBC
More Than Friends,jTBC
More Than Friends, Viki
Mother,tvN
Mother of Mine,KBS
Mother's Garden,MBC
Mouse,tvN
Move to Heaven,Netflix
Moving,Disney
Moving, Hulu
Mr. Back,MBC
Mr. Duke,MBC
Mr. Queen,tvN
Mr. Sunshine,Netflix
Mr. Sunshine, tvN
Mrs. Cop,SBS
Mrs. Durian,TV Chosun
Ms. Hammurabi,jTBC
Ms. Kim's Million Dollar Quest,KBS
"Ms. Ma, Nemesis",SBS
Ms. Perfect,KBS
Murder DIEary,Netflix
My Absolute Boyfriend,SBS
My Absolute Boyfriend, Viki
My Beautiful Bride,OCN
My Beloved Sister,MBC
My Bittersweet Life,SBS
My Catman,KBS
My Catman, ViuTV
"My Contracted Husband, Mr. Oh",MBC
My Country: The New Age,jTBC
My Country: The New Age, Netflix
My Dangerous Wife,MBN
My Daughter the Flower,SBS
"My Daughter, Geum Sa-wol",MBC
My Dear Cat,KBS
My Dearest,MBC
My Fair Lady,SBS
My Father Is Strange,KBS
My Fellow Citizens!,KBS
My First First Love,Netflix
My First Love,Netflix
My First Time,Naver TV Cast
My First Time, vLive
My Golden Life,KBS
My Healing Love,MBC
My Heart Twinkle Twinkle,SBS
My Holo Love,Netflix
My Horrible Boss,jTBC
My Husband Got a Family,KBS
My Husband's Woman,SBS
My Kids Give Me a Headache,jTBC
"My Lawyer, Mr. Jo",KBS
"My Lawyer, Mr. Jo 2: Crime and Punishment",KBS
My Liberation Notes,jTBC
My Liberation Notes, Netflix
My Little Baby,MBC
My Love By My Side,KBS
My Love from the Star,SBS
My Love Patzzi,MBC
My Love Toram,SBS
My Lovely Girl,SBS
My Lovely Liar,tvN
My Lovely Sam Soon,KBS
"My Lover, Madame Butterfly",SBS
My Mister,tvN
My Mother Is a Daughter-in-law,SBS
My Name,Netflix
My Only Love Song,Netflix
My Only One,KBS
My Perfect Stranger,KBS
My Perfect Stranger, ViuTV
My Precious You,SBS
My Roommate Is a Gumiho,iQiyi
My Roommate Is a Gumiho, tvN
My Rosy Life,KBS
My Runway,MBC Dramanet
My Sassy Girl,SBS
My Secret Hotel,tvN
My Secret Romance,OCN
My Secret Terrius,MBC
My Spring Days,MBC
My Strange Hero,SBS
My Too Perfect Sons,KBS
My Unfamiliar Family,tvN
My Unfortunate Boyfriend,MBC Dramanet
Mysterious Personal Shopper,KBS
Mystic Pop-up Bar,jTBC
Mystic Pop-up Bar, Netflix
Naeil's Cantabile,KBS
Naked Fireman,KBS
Narco-Saints,Netflix
Navillera,Netflix
Navillera, tvN
Never Twice,MBC
Nevertheless,jTBC
Nevertheless, Netflix
New Heart,MBC
New Tales of Gisaeng,OCN
Nice Witch,SBS
Night Light,MBC
Nine,NA
No Matter What,KBS
No Secrets,jTBC
"No, Thank You",Daum Kakao TV
"Noble, My Love",Naver TV Cast
Nobody Knows,SBS
Nokdu Flower,SBS
Nonstop,MBC
Not Others,ENA
Not Others, Genie TV
Not Others, Hulu
"Now, We Are Breaking Up",SBS
"Now, We Are Breaking Up", ViuTV
Numbers,MBC
Oasis,KBS
Oasis, Viki
OB & GY,tvN
Oh Feel Young,KBS
Oh My Baby,tvN
Oh My Ghost,tvN
Oh My Ladylord,iQiyi
Oh My Ladylord, MBC
Oh My Venus,KBS
Oh! My Lady,iQiyi
Oh! My Lady, MBC
"Oh, the Mysterious",Naver TV Cast
"Oh, the Mysterious", Viki
Ohlala Couple,KBS
Ojakgyo Family,KBS
On Air,SBS
On the Verge of Insanity,MBC
On the Way to the Airport,KBS
Once Again,NA
Once Upon a Small Town,Daum Kakao TV
One Dollar Lawyer,SBS
One Fine Day,SBS
One More Happy Ending,MBC
One More Time,BS TV Tokyo
One More Time, Netflix
One Ordinary Day,ViuTV
One Spring Night,MBC
One Spring Night, Netflix
One Sunny Day,LINE TV
One the Woman,SBS
One Warm Word,SBS
One Well-Raised Daughter,SBS
Only Love,SBS
Only You,NA
Operation Proposal,TV Chosun
Orange Marmalade,KBS
Our Beloved Summer,Netflix
Our Beloved Summer, SBS
Our Blooming Youth,TVING
Our Blooming Youth, tvN
Our Blues,Netflix
Our Blues, tvN
Our Dating Sim,NA
Our Gap-soon,SBS
Over the Rainbow,MBC
Pachinko,NA
Padam Padam,jTBC
Pale Moon,ENA
Pale Moon, Genie TV
Pandora: Beneath the Paradise,Hulu
Pandora: Beneath the Paradise, TVING
Pandora: Beneath the Paradise, tvN
Papa,KBS
Partners for Justice,MBC
Passionate Love,SBS
Payback,Amazon Prime
Payback, SBS
Pegasus Market,tvN
Perfume,KBS
Persona,Netflix
Personal Taste,Netflix
Phantom,Viki
Phoenix,MBC
Phoenix 2020,SBS
Piano,SBS
Pied Piper,tvN
Pink Lipstick,MBC
Pinocchio,SBS
Player,OCN
"Please Come Back, Soon-ae",SBS
Please Don't Date Him,MBC
Please Don't Date Him, MBC every
Plus Nine Boys,tvN
Police University,KBS
"Poong, the Joseon Psychiatrist",tvN
Poseidon,KBS
Possessed,Netflix
Possessed, OCN
Potato Star 2013QR3,tvN
Pots of Gold,MBC
Precious Family,KBS
Pride and Prejudice,MBC
Priest,OCN
Prime Minister & I,KBS
Prince Hours,NA
Princess Aurora,MBC
Princess Hours,NA
Princess Lulu,KBS
Prison Playbook,Netflix
Prison Playbook, tvN
Private Lives,jTBC
Private Lives, Netflix
Prosecutor Princess,KBS
Protect the Boss,SBS
Psychopath Diary,tvN
Punch,SBS
Pure Boxer,KBS
Pure Love,KBS
Pure Pumpkin Flower,SBS
Que Sera Sera,NA
Queen and I,tvN
Queen for Seven Days,KBS
Queen of Housewives,KBS
Queen of Mystery,KBS
Queen of Mystery 2,KBS
Queen of Reversals,KBS
Queen of Masks,Channel A
Queen Seondeok,SBS
Queen: Love and War,TV Chosun
Queen: Love and War, Viki
Queenmaker,Netflix
Quiz of God,OCN
Racket Boys,Netflix
Racket Boys, SBS
Radiant Office,MBC
Radio Romance,KBS
Rain or Shine,jTBC
Reborn Rich,jTBC
Reborn Rich, ViuTV
Record of Youth,Netflix
Record of Youth, tvN
Red Balloon,TV Chosun
Red Shoes,KBS
Reflection of You,jTBC
Reflection of You, Netflix
Remarriage & Desires,Netflix
Remember,MBC
"Remember, Hari",Tooniverse
Replay: The Moment,Daum Kakao TV
Reply 1988,tvN
Reply 1994,tvN
Reply 1997,tvN
Reset,OCN
Resurrection,KBS
Return,SBS
Reunited Worlds,SBS
Revenant,SBS
Revenge of Others,Disney
Revenge of Others, Hulu
Reverse,Naver TV Cast
Revolutionary Love,tvN
Revolutionary Sisters,KBS
Rich Man,DramaX
Rich Man, Viki
Righteous Love,tvN
Risky Romance,MBC
River Where the Moon Rises,KBS
River Where the Moon Rises, Viki
River Where the Moon Rises, ViuTV
Robber,SBS
Romance,SBS
Romance Is a Bonus Book,Netflix
Romance Is a Bonus Book, tvN
Romance Town,KBS
Romance Zero,SBS
Rooftop Prince,SBS
Rookie Historian Goo Hae-ryung,MBC
Rookie Historian Goo Hae-ryung, Netflix
Rookie Cops,Disney
Rookie Cops, Hulu
Room No. 9,tvN
Rose Mansion,TVING
Rosy Lovers,MBC
Royal Secret Agent,tvN
Royal Story: Jang Hui-bin,KBS
Ruby Ring,KBS
Ruby Ruby Love,KBS
Rugal,Netflix
Rugal, OCN
Ruler of Your Own World,MBC
Running Mate,TVING
Run On,jTBC
Run On, Netflix
"Run, Jang-mi",SBS
Rustic Period,SBS
Sad Love Story,MBC
"Saimdang, Memoir of Colors",SBS
Salamander Guru and The Shadows,SBS
Salut D'Amour,KBS
Sandglass,SBS
Sang Doo! Let's Go to School,tvN
Sassy Girl Chun-hyang,SBS
Save Me,OCN
Save Me 2,OCN
Save the Family,KBS
Save the Last Dance for Me,SBS
Say It with Your Eyes,MBC
Scent of a Woman,SBS
School 2013,KBS
School 2017,KBS
School 2021,KBS
School 2021, Viki
Who Are You: School 2015,KBS
Schoolgirl Detectives,jTBC
Search,OCN
Search: WWW,tvN
Second 20s,tvN
Second to Last Love,SBS
Secret,KBS
Secret Affair,jTBC
Secret Boutique,SBS
Secret Door,SBS
Secret Healer,jTBC
Secret Love,DRAMAcube
Secret Mother,SBS
Secret Queen Makers,NA
Secret Royal Inspector & Joy,tvN
Secrets and Lies,MBC
Secrets of Women,KBS
See You in My 19th Life,Netflix
See You in My 19th Life, TVING
See You in My 19th Life, tvN
Sell Your Haunted House,KBS
Semantic Error,NA
Seoul 1945,KBS
"Seoyoung, My Daughter",KBS
Sharp,KBS
She Knows Everything,MBC
She Was Pretty,MBC
She Would Never Know,iQiyi
She Would Never Know, jTBC
Shine or Go Crazy,MBC
Shining Romance,MBC
Shooting Stars,tvN
Shopping King Louie,MBC
Short,OCN
Short, Viki
Should We Kiss First?,SBS
Show Window: The Queen's House,Channel A
Show Window: The Queen's House, Viki
Sign,tvN
Signal,tvN
Sin Don,MBC
Single Dad in Love,KBS
Sisters of the Sea,MBC
Sisyphus: The Myth,jTBC
Sisyphus: The Myth, Netflix
Six Flying Dragons,SBS
Sketch,jTBC
Sky Castle,jTBC
Smile Again,SBS
"Smile, Mom",SBS
Snow Flower,SBS
Snowdrop,jTBC
So I Married the Anti-fan,Amazon Prime
So I Married the Anti-fan, iQiyi
So I Married the Anti-fan, Naver TV Cast
So I Married the Anti-fan, Viki
So I Married the Anti-fan, vLive
So Not Worth It,Netflix
Solomon's Perjury,jTBC
Somebody,Netflix
Someday,Naver TV Cast
Something About 1%,DramaX
Something Happened in Bali,NA
Something in the Rain,jTBC
Something in the Rain, Netflix
Song of the Bandits,Netflix
Songgot: The Piercer,jTBC
Soul,KBS
Soul Mechanic,KBS
Soundtrack,Disney
Special Affairs Team TEN,OCN
Special Labor Inspector,MBC
Splash Splash Love,MBC
Splendid Politics,MBC
Sponsor,MBN
Sponsor, Viki
Spotlight,MBC
Spring Day,SBS
Spring Turns to Spring,MBC
Spy,KBS
Spy Myung-wol,KBS
Squad 38,OCN
Squid Game,Netflix
Stained Glass,SBS
Standby,MBC
Star in My Heart,MBC
Stars Falling from the Sky,tvN
Start-Up,NA
Star's Echo,Fuji TV
Star's Echo, MBC
Star's Lover,SBS
Steal Heart,jTBC
Stealer: The Treasure Keeper,tvN
Still 17,SBS
Still You,NA
Stranger,Netflix
Stranger, tvN
Strangers Again,ENA
Strangers Again, Genie TV
Strangers Again, Viki
Strong Girl Bong-soon,jTBC
Strong Woman Gang Nam-soon,jTBC
Strong Woman Gang Nam-soon, TVING
Strongest Chil Woo,KBS
Strongest Deliveryman,KBS
Successful Story of a Bright Girl,KBS
Suits,KBS
Summer Strike,ENA
Summer Strike, Genie TV
Sungkyunkwan Scandal,NA
Sunlight Pours Down,SBS
Sunny Again Tomorrow,KBS
Super Daddy Yeol,tvN
Super Rookie,SBS
Surgeon Bong Dal-hee,SBS
Suspicious Partner,SBS
Sweden Laundry,MBC every
Sweet 18,KBS
Sweet Buns,MBC
Sweet Enemy,SBS
Sweet Home,Netflix
"Sweet Home, Sweet Honey",KBS
Sweet Munchies,jTBC
Sweet Munchies, Viki
Sweet Revenge,Oksusu
Sweet Revenge 2,XtvN
Sweet Spy,MBC
Sweet Stranger and Me,KBS
"Sweet, Savage Family",MBC
Switch,SBS
Syndrome,jTBC
Taejo Wang Geon,KBS
"Take Care of Us, Captain",SBS
Tale of Fairy,tvN
Tale of the Nine Tailed,tvN
Tale of the Nine Tailed 1938,tvN
Tasty Life,SBS
Taxi Driver,SBS
Tazza,SBS
Team Bulldog: Off-Duty Investigation,OCN
Tears of Heaven,MBN
Tears of the Dragon,KBS
Tell Me What You Saw,OCN
Temperature of Love,SBS
Temptation,SBS
Temptation of Wife,SBS
Tempted,MBC
Terroir,SBS
Thank You,MBC
"That Winter, the Wind Blows",SBS
The 101st Proposal,Netflix
The Accidental Couple,TV Chosun
The All-Round Wife,KBS
The Banker,MBC
The Beauty Inside,jTBC
The Birth of a Family,SBS
The Blade and Petal,KBS
The Bride of Habaek,tvN
The Chaser,SBS
The Clinic for Married Couples: Love and War,KBS
The Cursed,tvN
The Crowned Clown,tvN
The Dawn of the Empire,KBS
The Day of the Kidnapping,ENA
The Devil Judge,tvN
The Doctors,SBS
The Duo,DRAMAcube
The Duo, ENA
The Duo, SBS
The Duo, SBS Plus
The Eldest,jTBC
The Emperor: Owner of the Mask,MBC
The Empire,jTBC
The Empire, ViuTV
The End of the World,jTBC
The Escape of the Seven,SBS
The Escape of the Seven, SBS Plus
The Fabulous,Netflix
The Family is Coming,SBS
The Fiery Priest,SBS
The First Responders,DRAMAcube
The First Responders, ENA
The First Responders, SBS
The First Responders, SBS Plus
The Forbidden Marriage,MBC
The Fugitive of Joseon,KBS
The Fugitive: Plan B,tvN
The Game: Towards Zero,MBC
The Gentlemen of Wolgyesu Tailor Shop,KBS
The Ghost Detective,KBS
The Glory,Netflix
The Golden Garden,MBC
The Golden Spoon,MBC
The Good Bad Mother,jTBC
The Good Bad Mother, Netflix
The Good Bad Mother, TVING
The Good Detective,jTBC
The Good Wife,tvN
"The Great King, Sejong",KBS
The Great Merchant,KBS
The Great Seer,SBS
The Great Shaman Ga Doo-shim,Daum Kakao TV
The Great Show,tvN
The Greatest Love,MBC
The Greatest Marriage,TV Chosun
The Guardians,MBC
The Guest,OCN
The Heirs,SBS
The Heavenly Idol,TVING
The Heavenly Idol, tvN
The Hymn of Death,Netflix
The Hymn of Death, SBS
The Idle Mermaid,tvN
The Idolmaster KR,SBS Plus
The Innocent Man,KBS
The Interest of Love,jTBC
The Interest of Love, Netflix
The Jingbirok: A Memoir of Imjin War,KBS
The K2,tvN
The Killer's Shopping List,tvN
The Killing Vote,SBS
The King 2 Hearts,MBC
The King and I,SBS
The King and the Queen,KBS
The King in Love,MBC
The King in Love, Viki
The King of Chudong Palace,MBC
The King of Dramas,SBS
The King of Pigs,TVING
"The King of Tears, Lee Bang-won",KBS
The King: Eternal Monarch,Netflix
The King: Eternal Monarch, SBS
The King's Affection,KBS
The King's Affection, Netflix
"The King's Daughter, Soo Baek-hyang",MBC
The King's Doctor,MBC
The King's Face,KBS
The Kingdom of the Winds,tvN
The Lady in Dignity,jTBC
The Last Empress,SBS
The Last Match,MBC
The Law Cafe,KBS
The Law Cafe, Viki
The Law Cafe, ViuTV
The Legend,SBS
The Legend of the Blue Sea,SBS
The Liar and His Lover,tvN
The Lies Within,Netflix
The Lies Within, OCN
The Light in Your Eyes,jTBC
The Light in Your Eyes, Viki
The Love Is Coming,Netflix
The Lover,Mnet
The Man in the Mask,KBS
The Master of Revenge,KBS
The Merchant,MBC
The Merchant: Gaekju 2015,KBS
The Miracle,Naver TV Cast
The Miracle We Met,KBS
The Most Beautiful Goodbye,tvN
The Musical,SBS
The Mysterious Class,NA
The Noblesse,jTBC
The One and Only,jTBC
The Package,jTBC
The Penthouse: War in Life,SBS
The Princess' Man,KBS
The Producers,KBS
The Promise,KBS
The Queen of Office,KBS
The Queen's Classroom,MBC
The Real Has Come!,KBS
The Real Has Come!, Netflix
The Rebel,MBC
The Red Sleeve,MBC
The Red Sleeve, Viki
The Reputable Family,KBS
The Return of Hwang Geum-bok,SBS
The Rich Son,MBC
The Road Home,KBS
The Road: The Tragedy of One,tvN
The Royal Gambler,SBS
The Running Mates: Human Rights,OCN
The Scandal,MBC
The Scholar Who Walks the Night,MBC
The School Nurse Files,Netflix
The Second Husband,MBC
The Secret House,MBC
The Secret Life of My Secretary,SBS
The Secret Lovers,MBC
The Secret of Birth,SBS
The Secret of My Love,KBS
The Secret Romantic Guesthouse,SBS
The Secret Romantic Guesthouse, ViuTV
The Silent Sea,Netflix
The Slingshot,Netflix
The Smile Has Left Your Eyes,tvN
The Snow Queen,Naver TV Cast
The Snow Queen, vLive
The Sound of Magic,Netflix
The Sound of Your Heart,Naver TV Cast
The Spies Who Loved Me,iQiyi
The Spies Who Loved Me, MBC
The Story of Kang-goo,MBC
The Suspicious Housekeeper,SBS
The Tale of Nokdu,KBS
The Third Charm,jTBC
The Third Hospital,tvN
The Three Musketeers,tvN
The Three Witches,MBN
The Three Witches, Viki
The Time,SBS
The Time We Were Not in Love,SBS
The Uncanny Counter,Netflix
The Uncanny Counter, OCN
The Undateables,SBS
The Vampire Detective,OCN
The Veil,MBC
The Village: Achiara's Secret,SBS
The Virtual Bride,KBS
The Virus,OCN
The Wedding Scheme,tvN
The Wind Blows,jTBC
The Witch's Diner,TVING
The World of the Married,jTBC
The Worst of Evil,Disney
The Worst of Evil, Hulu
Thirty-Nine,jTBC
Thirty-Nine, Netflix
This Is My Love,jTBC
Thousand Years of Love,Naver TV Cast
Three Bold Siblings,KBS
Three Color Fantasy,Naver TV Cast
Queen of the Ring,Naver TV Cast
Romance Full of Life,Naver TV Cast
The Universe's Star,OCN
Three Days,SBS
Three Friends,MBC
Three Sisters,SBS
Thrice Married Woman,SBS
Through the Darkness,SBS
Times,OCN
To My Beloved,jTBC
To the Beautiful You,SBS
Today's Webtoon,SBS
Today's Webtoon, Viki
Today's Webtoon, ViuTV
"Toji, the Land",SBS
Tokyo Sun Shower,SBS
Tomorrow,MBC
Tomorrow, Netflix
Tomorrow Boy,Naver TV Cast
"Tomorrow, with You",tvN
Top Management,NA
Top Star U-back,tvN
Touch,Channel A
Touch, Viki
Touch Your Heart,tvN
Tracer,MBC
Train,OCN
Trap,OCN
Tree of Heaven,MBC
Triangle,MBC
Trio,MBC
Triple,NA
Trolley,Netflix
Trolley, SBS
True Beauty,tvN
Tunnel,NA
Twelve Nights,Channel A
Twelve Nights, Viki
Twenty-Five Twenty-One,Netflix
Twenty-Five Twenty-One, tvN
Twinkle Twinkle,SBS
Two Cops,MBC
Two Mothers,KBS
Two Outs in the Ninth Inning,MBC
Two Weeks,MBC
Two Wives,SBS
Two Women's Room,SBS
Ugly Alert,SBS
Ugly Miss Young-ae,tvN
Unasked Family,KBS
Uncle,TV Chosun
Uncle, Viki
Uncanny Counter,Netflix
Uncanny Counter, OCN
Uncanny Counter, tvN
Uncontrollably Fond,KBS
Under the Queen's Umbrella,Netflix
Under the Queen's Umbrella, tvN
Undercover,jTBC
Unkind Ladies,KBS
Unknown Woman,KBS
Unlock My Boss,ENA
Unstoppable Marriage,KBS
Until the Azalea Blooms,KBS
Untouchable,jTBC
Vagabond,Netflix
Vagabond, SBS
Vampire Idol,MBN
Vampire Prosecutor,OCN
Vengeance of the Bride,KBS
Vigilante,Disney
Vigilante, Hulu
Vincenzo,Netflix
Vincenzo, tvN
Voice,OCN
W,MBC
Wang's Family,KBS
Want a Taste?,SBS
Wanted,SBS
War of Money,SBS
Warm and Cozy,MBC
Warrior Baek Dong-soo,SBS
Was It Love?,jTBC
Was It Love?, Netflix
Watcher,OCN
We Are Dating Now,SBS
Weak Hero Class 1,NA
We Broke Up,Naver TV Cast
Wedding,KBS
Wednesday 3:30 PM,Oksusu
Weightlifting Fairy Kim Bok-joo,MBC
Welcome,Daum Kakao TV
Welcome, Netflix
Welcome 2 Life,MBC
Welcome Rain to My Life,SBS
Welcome to Samdal-ri,jTBC
Welcome to Waikiki,jTBC
Welcome to Waikiki, Viki
Welcome to Waikiki 2,jTBC
Welcome to Waikiki 2, Viki
Welcome to Wedding Hell,Daum Kakao TV
Welcome to Wedding Hell, Netflix
West Palace,KBS
What Happens to My Family?,KBS
What's for Dinner?,MBC
What's Up,MBC
What's Up Fox,MBC
What's Wrong with Secretary Kim,tvN
When a Man Falls in Love,MBC
When I Was the Most Beautiful,MBC
When My Love Blooms,tvN
When the Camellia Blooms,KBS
When the Camellia Blooms, Netflix
When the Devil Calls Your Name,tvN
When the Weather Is Fine,jTBC
When the Weather Is Fine, Viki
When Women Powder Twice,jTBC
Where Stars Land,SBS
Where Stars Land, Viki
Where Your Eyes Linger,Viki
Which Star Are You From,MBC
While You Were Sleeping,SBS
Whisper,SBS
White Lie,MBC
White Nights 3.98,SBS
Who Are You?,tvN
Why Her,SBS
Why Her, Viki
Why Her, ViuTV
Wife Returns,SBS
Wild Romance,KBS
Witch at Court,KBS
Witch Yoo Hee,NA
Witch's Love,tvN
Wok of Love,SBS
Woman in a Veil,KBS
Woman of 9.9 Billion,KBS
"Woman of Matchless Beauty, Park Jung-geum",MBC
Woman with a Suitcase,MBC
Women in the Sun,KBS
Wonderful Days,KBS
Wonderful Life,MBC
Wonderful Mama,SBS
Woori the Virgin,SBS
"Work Later, Drink Now",TVING
Working Mom,SBS
Working Mom Parenting Daddy,MBC
Wuri's Family,MBC
XX,MBC
XX, Naver TV Cast
XX, vLive
Yeon Gaesomun,SBS
Yeonnam-dong 539,MBN
YG Future Strategy Office,Netflix
Yonder,TVING
Yong-pal,SBS
You and I,MBC
You Are a Gift,SBS
You Are My Destiny,MBC
You Are My Spring,Netflix
You Are My Spring, tvN
You Are the Best!,KBS
You Are the Boss!,MBC
You Are the Only One,KBS
You Are Too Much,MBC
You Don't Know Women,SBS
You Drive Me Crazy,OCN
You're All Surrounded,SBS
You're Beautiful,SBS
You're Only Mine,SBS
Young Lady and Gentleman,KBS
Your Honor,ENA
Your House Helper,KBS
Your Lady,SBS
Your Neighbor's Wife,jTBC
Youth,NA
Youth of May,KBS
Yumi's Cells,TVING
Zombie Detective,KBS
