kdrama_name,day
Extraordinary Attorney Woo,wednesday
Extraordinary Attorney Woo, thursday
Squid Game,friday
Return,saturday
Return, sunday
All of Us Are Dead,friday
A Model Family,friday
Pachinko,friday
Big Mouth,friday
Big Mouth, saturday
Crash Landing on You,sunday
Crash Landing on You, saturday
Kingdom,friday
True Beauty,wednesday
True Beauty, thursday
Sweet Home,saturday
Sweet Home, sunday
Sweet Home,friday
The Office Blind Date,monday
The Office Blind Date, tuesday
Vincenzo,saturday
Vincenzo, sunday
It's Okay to Not Be Okay,saturday
It's Okay to Not Be Okay, sunday
Undercover,friday
The King's Affection,monday
The King's Affection, tuesday
Mouse,wednesday
Mouse, thursday
Hometown Cha-Cha-Cha,saturday
Hometown Cha-Cha-Cha, sunday
Remarriage & Desires,friday
Itaewon Class,friday
Itaewon Class, saturday
Descendants of the Sun,wednesday
Descendants of the Sun, thursday
What's Wrong with Secretary Kim,wednesday
What's Wrong with Secretary Kim, thursday
The Silent Sea,friday
Snowdrop,saturday
Snowdrop, sunday
Adamas,wednesday
Adamas, thursday
Hellbound,friday
Tomorrow,friday
Tomorrow, saturday
Tomorrow,friday
Tomorrow, saturday
Backstreet Rookie,friday
Backstreet Rookie, saturday
Mr. Sunshine,saturday
Mr. Sunshine, sunday
Start-Up,saturday
Start-Up, sunday
Flower of Evil,wednesday
Flower of Evil, thursday
Our Blues,saturday
Our Blues, sunday
Nevertheless,saturday
Run On,wednesday
Run On, thursday
Our Beloved Summer,monday
Our Beloved Summer, tuesday
Stranger,saturday
Stranger, sunday
Doom at Your Service,monday
Doom at Your Service, tuesday
Hotel Del Luna,saturday
Hotel Del Luna, sunday
Strong Girl Bong-soon,friday
Strong Girl Bong-soon, saturday
Happiness,friday
Happiness, saturday
The Uncanny Counter,saturday
The Uncanny Counter, sunday
W,wednesday
W, thursday
Vagabond,friday
Vagabond, saturday
The K2,friday
The K2, saturday
Eve,wednesday
Eve, thursday
She Would Never Know,monday
She Would Never Know, tuesday
Tell Me Your Wish,wednesday
Tell Me Your Wish, thursday
Tell Me Your Wish,monday
Tell Me Your Wish, tuesday
Tell Me Your Wish, wednesday
Tell Me Your Wish, thursday
Tell Me Your Wish, friday
Why Her,friday
Why Her, saturday
While You Were Sleeping,monday
While You Were Sleeping, tuesday
While You Were Sleeping, wednesday
While You Were Sleeping, thursday
While You Were Sleeping, friday
Tale of the Nine Tailed,wednesday
Tale of the Nine Tailed, thursday
Extraordinary You,wednesday
Extraordinary You, thursday
Reply 1988,friday
Reply 1988, saturday
Hospital Playlist,thursday
Boys Over Flowers,monday
Boys Over Flowers, tuesday
My Mister,wednesday
My Mister, thursday
Sell Your Haunted House,wednesday
Sell Your Haunted House, thursday
Because This Is My First Life,monday
Because This Is My First Life, tuesday
Monster,friday
Monster, saturday
Today's Webtoon,friday
Today's Webtoon, saturday
Taxi Driver,friday
Taxi Driver, saturday
The Empress Ki,monday
The Empress Ki, tuesday
My Liberation Diary,saturday
My Liberation Diary, sunday
My Liberation Diary,saturday
My Liberation Diary, sunday
The Sound of Magic,friday
Something in the Rain,friday
Something in the Rain, saturday
My Roommate Is a Gumiho,wednesday
My Roommate Is a Gumiho, thursday
My Love from Another Star,wednesday
My Love from Another Star, thursday
Star's Lover,wednesday
Star's Lover, thursday
Healer,monday
Healer, tuesday
Shooting Stars,friday
Shooting Stars, saturday
Juvenile Justice,friday
Extracurricular,wednesday
D.P.,friday
Dr. Romantic,monday
Dr. Romantic, tuesday
Weightlifting Fairy Kim Bok-Joo,wednesday
Weightlifting Fairy Kim Bok-Joo, thursday
Heirs,wednesday
Heirs, thursday
Anna,friday
The Tale of Nokdu,monday
The Tale of Nokdu, tuesday
Romance Is a Bonus Book,saturday
Romance Is a Bonus Book, sunday
Signal,friday
Signal, saturday
Prison Playbook,wednesday
Prison Playbook, thursday
Yumi's Cells,friday
Yumi's Cells, saturday
Ghost Doctor,monday
Ghost Doctor, tuesday
Doctor Lawyer,friday
Doctor Lawyer, saturday
Good Doctor,monday
Good Doctor, tuesday
Beauty Inside,monday
Beauty Inside, tuesday
Oh My Venus,monday
Oh My Venus, tuesday
Fight for My Way,monday
Fight for My Way, tuesday
Love in the Moonlight,monday
Love in the Moonlight, tuesday
Her Private Life,wednesday
Her Private Life, thursday
SKY Castle,friday
SKY Castle, saturday
Do You Like Brahms?,monday
Do You Like Brahms?, tuesday
Suspicious Partner,wednesday
Suspicious Partner, thursday
The World of the Married,friday
The World of the Married, saturday
Pinocchio,wednesday
Pinocchio, thursday
The Devil Judge,saturday
The Devil Judge, sunday
A Korean Odyssey,saturday
A Korean Odyssey, sunday
Bulgasal,saturday
Bulgasal, sunday
Record of Youth,monday
Record of Youth, tuesday
The Iron Empress,saturday
The Iron Empress, sunday
Black,saturday
Black, sunday
Love Alarm,thursday
My Country: The New Age,friday
My Country: The New Age, saturday
I'm Not a Robot,wednesday
I'm Not a Robot, thursday
Hell Is Other People,saturday
Hell Is Other People, sunday
Youth of May,monday
Youth of May, tuesday
One Ordinary Day,saturday
One Ordinary Day, sunday
Bad and Crazy,friday
Bad and Crazy, saturday
The Good Detective,monday
The Good Detective, tuesday
The Fiery Priest,friday
The Fiery Priest, saturday
Clean with Passion for Now,monday
Clean with Passion for Now, tuesday
Dr. Brain,friday
Voice,saturday
Voice, sunday
Alhambeura Goongjeonui Chooeok,saturday
Alhambeura Goongjeonui Chooeok, sunday
"Poong, the Joseon Psychiatrist",monday
"Poong, the Joseon Psychiatrist", tuesday
Stove League,friday
Stove League, saturday
Rookie Historian Goo Hae-Ryung,wednesday
Rookie Historian Goo Hae-Ryung, thursday
My Secret Romance,monday
My Secret Romance, tuesday
Lovers of the Red Sky,monday
Lovers of the Red Sky, tuesday
Insider,wednesday
Insider, thursday
18 Again,monday
18 Again, tuesday
Touch Your Heart,wednesday
Touch Your Heart, thursday
Lawless Lawyer,saturday
Lawless Lawyer, sunday
Police University,monday
Police University, tuesday
Melting Me Softly,saturday
Melting Me Softly, sunday
Love All Play,wednesday
Love All Play, thursday
Uncontrollably Fond,wednesday
Uncontrollably Fond, thursday
One Spring Night,thursday
One Spring Night, wednesday
100 Days My Prince,tuesday
100 Days My Prince, monday
Kiss Sixth Sense,wednesday
Again My Life,friday
Again My Life, saturday
Dream High,monday
Dream High, tuesday
The Bride of Habaek,monday
The Bride of Habaek, tuesday
Jingkeuseuui Yeonin,wednesday
Jingkeuseuui Yeonin, thursday
She Was Pretty,wednesday
She Was Pretty, thursday
Law School,wednesday
Law School, thursday
"Kill Me, Heal Me",wednesday
"Kill Me, Heal Me", thursday
Aelliseu,friday
Aelliseu, saturday
When the Weather is Fine,monday
When the Weather is Fine, tuesday
City Hunter,wednesday
City Hunter, thursday
Haereul poomeun dal,wednesday
Haereul poomeun dal, thursday
The Crowned Clown,monday
The Crowned Clown, tuesday
Military Prosecutor Do Bae Man,monday
Military Prosecutor Do Bae Man, tuesday
Oh My Ghost,friday
Oh My Ghost, saturday
Save Me,saturday
Save Me, sunday
Live Up to Your Name,saturday
Live Up to Your Name, sunday
My Unfamiliar Family,monday
My Unfamiliar Family, tuesday
Keuleiji Leobeu,monday
Keuleiji Leobeu, tuesday
The Innocent Man,wednesday
The Innocent Man, thursday
Encounter,wednesday
Encounter, thursday
Kairos,monday
Kairos, tuesday
"Bring It On, Ghost",monday
"Bring It On, Ghost", tuesday
Tunnel,saturday
Tunnel, sunday
The Veil,friday
The Veil, saturday
Private Lives,wednesday
Private Lives, thursday
My Golden Life,saturday
My Golden Life, sunday
The 1st Shop of Coffee Prince,monday
The 1st Shop of Coffee Prince, tuesday
Bridal Mask,wednesday
Bridal Mask, thursday
"Father, I'll Take Care of You",saturday
"Father, I'll Take Care of You", sunday
A Love So Beautiful,monday
A Love So Beautiful, thursday
A Love So Beautiful, saturday
Mystic Pop-up Bar,wednesday
Mystic Pop-up Bar, thursday
The Smile Has Left Your Eyes,thursday
The Smile Has Left Your Eyes, wednesday
My Secret Terrius,wednesday
My Secret Terrius, thursday
School 2017,monday
School 2017, tuesday
Doctor John,friday
Doctor John, saturday
More Than Friends,friday
More Than Friends, saturday
Designated Survivor: 60 Days,monday
Designated Survivor: 60 Days, tuesday
Bad Guys,saturday
Yeopgijeogin Geunyeo,monday
Yeopgijeogin Geunyeo, tuesday
When the Camellia Blooms,wednesday
When the Camellia Blooms, thursday
My Strange Hero,monday
My Strange Hero, tuesday
Misty,friday
Misty, saturday
Mom,saturday
Mom, sunday
Naesungjukin Boseu,monday
Naesungjukin Boseu, tuesday
Find Me in Your Memory,wednesday
Find Me in Your Memory, thursday
Adult Trainee,friday
Bloody Heart,monday
Bloody Heart, tuesday
Cheese in the Trap,monday
Cheese in the Trap, tuesday
Familiar Wife,wednesday
Familiar Wife, thursday
High Society,monday
High Society, tuesday
Shine or Go Crazy,monday
Shine or Go Crazy, tuesday
Racket Boys,monday
Racket Boys, tuesday
"Now, We Are Breaking Up",friday
"Now, We Are Breaking Up", saturday
Investigation Partners,monday
Investigation Partners, tuesday
A Wonderful Sight,saturday
A Wonderful Sight, sunday
Nothing to Lose,wednesday
Nothing to Lose, thursday
River Where the Moon Rises,monday
River Where the Moon Rises, tuesday
Woori the Virgin,monday
Woori the Virgin, tuesday
Rookie Cops,wednesday
Jirisan,saturday
Jirisan, sunday
Cunning Single Lady,wednesday
Cunning Single Lady, thursday
The Ghost Detective,wednesday
The Ghost Detective, thursday
Tell Me What You Saw,saturday
Tell Me What You Saw, sunday
Dakteoseu,monday
Dakteoseu, tuesday
Strongest Deliveryman,friday
Strongest Deliveryman, saturday
Becoming Witch,saturday
Rugal,saturday
Rugal, sunday
Where Stars Land,monday
Where Stars Land, tuesday
Still 17,monday
Still 17, tuesday
"It's Okay, That's Love",wednesday
"It's Okay, That's Love", thursday
Angel's Last Mission: Love,wednesday
Angel's Last Mission: Love, thursday
Good Manager,wednesday
Good Manager, thursday
Hello Monster,monday
Hello Monster, tuesday
Another Miss Oh,monday
Another Miss Oh, tuesday
Doctor Prisoner,wednesday
Doctor Prisoner, thursday
Chocolate,friday
Chocolate, saturday
The School Nurse Files,friday
Memorist,wednesday
Memorist, thursday
Misaeng,friday
Misaeng, saturday
Love with Flaws,wednesday
Love with Flaws, thursday
You Are My Spring,monday
You Are My Spring, tuesday
Doctor Stranger,monday
Doctor Stranger, tuesday
He is Psychometric,monday
He is Psychometric, tuesday
"From Now On, Showtime!",saturday
"From Now On, Showtime!", sunday
Father Is Strange,saturday
Father Is Strange, sunday
Train,saturday
Train, sunday
The Cursed,monday
The Cursed, tuesday
You Are Beautiful,wednesday
You Are Beautiful, thursday
To the Beautiful You,wednesday
To the Beautiful You, thursday
Nobody Knows,monday
Nobody Knows, tuesday
Heartless City,monday
Heartless City, tuesday
Undercover,friday
Undercover, saturday
Peurodyusa,friday
Peurodyusa, saturday
Kill It,saturday
Kill It, sunday
Mad Dog,wednesday
Mad Dog, thursday
Man to Man,friday
Man to Man, saturday
High Kick!,monday
High Kick!, tuesday
High Kick!, wednesday
High Kick!, thursday
High Kick!, friday
Color Rush,wednesday
Color Rush, thursday
VIP,monday
VIP, tuesday
Seven Day Queen,wednesday
Seven Day Queen, thursday
Birth of a Beauty,saturday
Birth of a Beauty, sunday
Imitation,friday
Welcome to Wedding Hell,monday
Welcome to Wedding Hell, tuesday
Welcome to Wedding Hell, wednesday
School 2021,wednesday
School 2021, thursday
Once Again,saturday
Once Again, sunday
Dear X Who Doesn't Love Me,thursday
The Light in Your Eyes,monday
The Light in Your Eyes, tuesday
Watcher,saturday
Watcher, sunday
Live,saturday
Live, sunday
The King 2 Hearts,wednesday
The King 2 Hearts, thursday
Life on Mars,saturday
Life on Mars, sunday
Lost,saturday
Lost, sunday
"Hello, Me!",wednesday
"Hello, Me!", thursday
My Absolute Boyfriend,wednesday
My Absolute Boyfriend, thursday
Oh My Baby,wednesday
Oh My Baby, thursday
"At A Distance, Spring Is Green",monday
"At A Distance, Spring Is Green", tuesday
Search,saturday
Search, sunday
Operation Proposal,wednesday
Operation Proposal, thursday
Young Lady and Gentleman,saturday
Young Lady and Gentleman, sunday
Live On,tuesday
So Not Worth It,friday
Reply 1994,friday
Reply 1994, saturday
Melancholia,wednesday
Melancholia, thursday
The Best Hit,friday
The Best Hit, saturday
Life,monday
Life, tuesday
Awaken,monday
Awaken, tuesday
Graceful Family,wednesday
Graceful Family, thursday
The Lady in Dignity,friday
The Lady in Dignity, saturday
When a Man Loves,wednesday
When a Man Loves, thursday
Rooftop Prince,wednesday
Rooftop Prince, thursday
Top Management,wednesday
The Scholar Who Walks the Night,wednesday
The Scholar Who Walks the Night, thursday
A Piece of Your Mind,monday
A Piece of Your Mind, tuesday
Chimera,saturday
Chimera, sunday
Hometown,wednesday
Hometown, thursday
A Witch's Love,monday
A Witch's Love, tuesday
Blood,monday
Blood, tuesday
Modooui Geojitmal,saturday
Modooui Geojitmal, sunday
Criminal Minds,wednesday
Criminal Minds, thursday
Only One Person,monday
Only One Person, tuesday
Black Knight,NA
Black Knight,wednesday
Black Knight, thursday
Entourage,friday
Entourage, saturday
Catch the Ghost,monday
Catch the Ghost, tuesday
Come and Hug Me,wednesday
Come and Hug Me, thursday
I Wanna Hear Your Song,monday
I Wanna Hear Your Song, tuesday
Secret Royal Inspector Joy,monday
Secret Royal Inspector Joy, tuesday
The Sound of Your Heart,monday
The Sound of Your Heart, thursday
Squad 38,friday
Squad 38, saturday
Tracer,friday
Tracer, saturday
Monthly Magazine Home,wednesday
Monthly Magazine Home, thursday
Emergency Couple,friday
Emergency Couple, saturday
Hyena,wednesday
Hyena, thursday
Don't Dare to Dream,wednesday
Don't Dare to Dream, thursday
Reunited Worlds,wednesday
Reunited Worlds, thursday
Something About 1%,wednesday
Something About 1%, thursday
Something About 1%,wednesday
Something About 1%, thursday
Hotel King,saturday
Hotel King, sunday
A Gentleman's Dignity,saturday
A Gentleman's Dignity, sunday
Shopping King Louie,wednesday
Shopping King Louie, thursday
"I'm Sorry, I Love You",monday
"I'm Sorry, I Love You", tuesday
Angel Eyes,saturday
Angel Eyes, sunday
Chicago Typewriter,friday
Chicago Typewriter, saturday
Psychopath Diary,wednesday
Psychopath Diary, thursday
Money Flower,saturday
The Girl Who Sees Smells,wednesday
The Girl Who Sees Smells, thursday
Marriage Contract,saturday
Marriage Contract, sunday
All In,wednesday
All In, thursday
Potato Star 2013QR3,monday
Potato Star 2013QR3, tuesday
Potato Star 2013QR3, wednesday
Potato Star 2013QR3, thursday
Zombie Detective,monday
Zombie Detective, tuesday
The Miracle,NA
Scent of a Woman,saturday
Scent of a Woman, sunday
Dinner Mate,monday
Dinner Mate, tuesday
The Spies Who Loved Me,wednesday
The Spies Who Loved Me, thursday
Soolkkundoshiyeojadeul,friday
Angry Mom,wednesday
Angry Mom, thursday
Angry Mom,saturday
Angry Mom, sunday
I Have a Lover,saturday
I Have a Lover, sunday
Missing You,wednesday
Missing You, thursday
Beautiful Gong Shim,saturday
Beautiful Gong Shim, sunday
Reflection of You,wednesday
Reflection of You, thursday
Princess Aurora,monday
Princess Aurora, tuesday
Princess Aurora, wednesday
Princess Aurora, thursday
Princess Aurora, friday
The Secret Life of My Secretary,monday
The Secret Life of My Secretary, tuesday
Justice,wednesday
Justice, thursday
Empress Myeongseong,wednesday
Empress Myeongseong, thursday
The Last Empress,wednesday
The Last Empress, thursday
Class of Lies,wednesday
Class of Lies, thursday
Cleaning Up,saturday
Cleaning Up, sunday
"Gwanggaeto, the Great Conqueror",saturday
"Gwanggaeto, the Great Conqueror", sunday
Smile Again,wednesday
Smile Again, thursday
Fantastic,friday
Fantastic, saturday
Mask,wednesday
Mask, thursday
The Chaser,monday
The Chaser, tuesday
Dark Hole,friday
Dark Hole, saturday
EXO Next Door,tuesday
EXO Next Door, thursday
You're All Surrounded,wednesday
You're All Surrounded, thursday
Return,saturday
Return, sunday
The King Loves,monday
The King Loves, tuesday
The Killer's Shopping List,wednesday
The Killer's Shopping List, thursday
The Princess' Man,wednesday
The Princess' Man, thursday
Ms. Hammurabi,monday
Ms. Hammurabi, tuesday
Temperature of Love,monday
Temperature of Love, tuesday
High School King of Savvy,monday
High School King of Savvy, tuesday
Touch,friday
Touch, saturday
"Bad Thief, Good Thief",saturday
"Bad Thief, Good Thief", sunday
Orange Marmalade,friday
Perfume,monday
Perfume, tuesday
Never twice,saturday
When I Was the Most Beautiful,wednesday
When I Was the Most Beautiful, thursday
When the Devil Calls Your Name,wednesday
When the Devil Calls Your Name, thursday
"Marriage, Not Dating",friday
"Marriage, Not Dating", saturday
Miss Korea,wednesday
Miss Korea, thursday
Radio Romance,monday
Radio Romance, tuesday
The Package,friday
The Package, saturday
Duel,saturday
Duel, sunday
Untouchable,friday
Untouchable, saturday
Rosy Lovers,saturday
Rosy Lovers, sunday
Oh My Ladylord,wednesday
Oh My Ladylord, thursday
High Class,monday
High Class, tuesday
Two Cops,monday
Two Cops, tuesday
Wok of Love,monday
Wok of Love, tuesday
Warm and Cozy,wednesday
Warm and Cozy, thursday
My Only One,saturday
My Only One, sunday
The Man Living in Our House,monday
The Man Living in Our House, tuesday
The Man Living in Our House,monday
The Man Living in Our House, tuesday
L.U.C.A.: The Beginning,monday
L.U.C.A.: The Beginning, tuesday
My Only Love Song,NA
Hospital Ship,wednesday
Hospital Ship, thursday
One the Woman,friday
One the Woman, saturday
Tomorrow's Cantabile,monday
Tomorrow's Cantabile, tuesday
Soul Mechanic,wednesday
Soul Mechanic, thursday
Protect the Boss,wednesday
Protect the Boss, thursday
Let Me Be Your Knight,sunday
Excellent Shaman Ga Doo Shim,friday
Graceful Friends,friday
Graceful Friends, saturday
Jang Bo Ri Is Here,saturday
Jang Bo Ri Is Here, sunday
Ugly Alert,monday
Ugly Alert, tuesday
Ugly Alert, wednesday
Ugly Alert, thursday
Ugly Alert, friday
Gunman in Joseon,wednesday
Gunman in Joseon, thursday
Confession,saturday
Confession, sunday
Welcome 2 Life,monday
Welcome 2 Life, tuesday
Haechi,monday
Haechi, tuesday
Gracious Revenge,monday
Gracious Revenge, tuesday
Gracious Revenge, wednesday
Gracious Revenge, thursday
Gracious Revenge, friday
Bride of the Century,friday
Bride of the Century, saturday
Devilish Joy,wednesday
Devilish Joy, thursday
Five Fingers,saturday
Five Fingers, sunday
Wild Romance,wednesday
Wild Romance, thursday
Hush,friday
Hush, saturday
Missing 9,wednesday
Missing 9, thursday
My Fellow Citizens,monday
My Fellow Citizens, tuesday
The Good Wife,friday
The Good Wife, saturday
Let's Eat,thursday
Rich Man,wednesday
Rich Man, thursday
The Greatest Love,wednesday
The Greatest Love, thursday
Sabotage City,wednesday
Sabotage City, thursday
The King's Face,wednesday
The King's Face, thursday
Lie to Me,monday
Lie to Me, tuesday
Summer Scent,monday
Summer Scent, tuesday
Children of Nobody,wednesday
Children of Nobody, thursday
Shut Up Family,monday
Shut Up Family, tuesday
Shut Up Family, wednesday
Shut Up Family, thursday
Shut Up Family, friday
Trap,saturday
Trap, sunday
"Jang Ok-jung, Living by Love",monday
"Jang Ok-jung, Living by Love", tuesday
The Royal Gambler,monday
The Royal Gambler, tuesday
Goodbye Mr. Black,wednesday
Goodbye Mr. Black, thursday
Beautiful World,friday
Beautiful World, saturday
Room No. 9,saturday
Room No. 9, sunday
The Greatest Divorce,monday
The Greatest Divorce, tuesday
The Suspicious Housekeeper,monday
The Suspicious Housekeeper, tuesday
Please Don't Date Him,tuesday
My Daughter Seo Young,saturday
My Daughter Seo Young, sunday
My Fair Lady,wednesday
My Fair Lady, thursday
Oh! My Lady,wednesday
Oh! My Lady, thursday
Spring Must Be Coming,thursday
Spring Must Be Coming, wednesday
Player,saturday
Player, sunday
Love Rain,monday
Love Rain, tuesday
Glass Slippers,saturday
Glass Slippers, sunday
Wonderful Days,saturday
Wonderful Days, sunday
Love in Sadness,saturday
Marry Me Now,saturday
Marry Me Now, sunday
The Three Musketeers,sunday
Blade Man,wednesday
Blade Man, thursday
Good Casting,monday
Good Casting, tuesday
Level Up,wednesday
Level Up, thursday
Happy Ending,wednesday
Happy Ending, thursday
Uwolhan Halu,sunday
Mother of Mine,saturday
Mother of Mine, sunday
Mistress,saturday
Mistress, sunday
Handsome Guy and Jung-Eum,wednesday
Handsome Guy and Jung-Eum, thursday
Girls' Generation 1979,monday
Girls' Generation 1979, tuesday
Iljimae,monday
Iljimae, tuesday
Diary of a Night Watchman,monday
Diary of a Night Watchman, tuesday
Get Revenge,saturday
Get Revenge, sunday
The Genius,friday
Night Light,monday
Night Light, tuesday
Save the Last Dance for Me,saturday
Save the Last Dance for Me, sunday
Uncle,wednesday
Uncle, thursday
Uncle,saturday
Uncle, sunday
Sketch,friday
Sketch, saturday
"The King of Tears, Lee Bang-won",saturday
"The King of Tears, Lee Bang-won", sunday
Five Children,saturday
Five Children, sunday
Temptation of Wife,monday
Temptation of Wife, tuesday
Temptation of Wife, wednesday
Temptation of Wife, thursday
Temptation of Wife, friday
Geunyeoneun Geojitmaleul Neomoo Saranghae,monday
Geunyeoneun Geojitmaleul Neomoo Saranghae, tuesday
Priest,saturday
Priest, sunday
Padam Padam,monday
Padam Padam, tuesday
The Emperor: Owner of the Mask,wednesday
The Emperor: Owner of the Mask, thursday
Lucky Romance,wednesday
Lucky Romance, thursday
You Are My Destiny,wednesday
You Are My Destiny, thursday
Entertainer,wednesday
Entertainer, thursday
Choco Bank,monday
Choco Bank, tuesday
Choco Bank, wednesday
Choco Bank, thursday
Choco Bank, friday
The Third Charm,friday
The Third Charm, saturday
Lookout,monday
Lookout, tuesday
Fates and Furies,saturday
The Time We Were Not in Love,saturday
The Time We Were Not in Love, sunday
Begin Again,wednesday
Begin Again, thursday
Diary of a Prosecutor,monday
Diary of a Prosecutor, tuesday
Alone in Love,monday
Alone in Love, tuesday
Local Hero,saturday
Local Hero, sunday
Children of a Lesser God,saturday
Children of a Lesser God, sunday
"My Daughter, Geum Sa-wol",saturday
"My Daughter, Geum Sa-wol", sunday
Joseon Exorcist,monday
Joseon Exorcist, tuesday
Hotelier,wednesday
Hotelier, thursday
Dream,monday
Dream, tuesday
Unasked Family,monday
Unasked Family, tuesday
Unasked Family, wednesday
Unasked Family, thursday
Unasked Family, friday
Mystery Queen,wednesday
Mystery Queen, thursday
Unexpected You,saturday
Unexpected You, sunday
Kkondae Intern,wednesday
Kkondae Intern, thursday
You Are the Best!,saturday
You Are the Best!, sunday
Pride and Prejudice,monday
Pride and Prejudice, tuesday
Second to Last Love,saturday
Second to Last Love, sunday
Second 20s,friday
Second 20s, saturday
My Secret Hotel,monday
My Secret Hotel, tuesday
Whisper,monday
Whisper, tuesday
Goodbye to Goodbye,saturday
Discovery of Love,monday
Discovery of Love, tuesday
May Queen,saturday
May Queen, sunday
Your Honor,wednesday
Your Honor, thursday
Monster,monday
Monster, tuesday
My Runway,NA
Band of Sisters,saturday
Jugglers,monday
Jugglers, tuesday
"Me Too, Flower!",wednesday
"Me Too, Flower!", thursday
Dr. Jin,saturday
Dr. Jin, sunday
Last,friday
Last, saturday
Gu Am Heo Joon,monday
Gu Am Heo Joon, tuesday
Gu Am Heo Joon, wednesday
Gu Am Heo Joon, thursday
Gu Am Heo Joon, friday
Less Than Evil,monday
Less Than Evil, tuesday
Woman of 9.9 Billion,wednesday
Woman of 9.9 Billion, thursday
A Pledge to God,saturday
Thank You,wednesday
Thank You, thursday
My Dangerous Wife,monday
My Dangerous Wife, tuesday
Revolutionary Sisters,saturday
Revolutionary Sisters, sunday
Money Game,wednesday
Money Game, thursday
I Need Romance 3,monday
I Need Romance 3, tuesday
Sweet Munchies,monday
Sweet Munchies, tuesday
Different Dreams,saturday
Cheongdam-dong Alice,saturday
Cheongdam-dong Alice, sunday
Nonstop,monday
Nonstop, tuesday
Nonstop, wednesday
Nonstop, thursday
Nonstop, friday
Pretty Boy,wednesday
Pretty Boy, thursday
On the Verge of Insanity,wednesday
On the Verge of Insanity, thursday
Medical Top Team,wednesday
Medical Top Team, thursday
Emperor of the Sea,wednesday
Emperor of the Sea, thursday
Can We Get Married?,monday
Can We Get Married?, tuesday
Fashion King,monday
Fashion King, tuesday
The Wind Blows,monday
The Wind Blows, tuesday
My Lovely Girl,wednesday
My Lovely Girl, thursday
Lovely Horribly,monday
Lovely Horribly, tuesday
Immortal Yi Soon-shin,saturday
Immortal Yi Soon-shin, sunday
The King and I,monday
The King and I, tuesday
Ms. Temper & Nam Jung-Gi,friday
Ms. Temper & Nam Jung-Gi, saturday
Passionate Love,saturday
Passionate Love, sunday
All About My Romance,wednesday
All About My Romance, thursday
One Warm Word,monday
One Warm Word, tuesday
I Need Romance 2012,wednesday
I Need Romance 2012, thursday
The Great Show,monday
The Great Show, tuesday
Flower Boy Ramyun Shop,monday
Flower Boy Ramyun Shop, tuesday
"I Do, I Do",wednesday
"I Do, I Do", thursday
Big Issue,wednesday
Big Issue, thursday
Divorce Lawyer in Love,saturday
Divorce Lawyer in Love, sunday
Can You Hear My Heart?,saturday
Can You Hear My Heart?, sunday
Dae Wang Sejong,saturday
Dae Wang Sejong, sunday
Lies of Lies,friday
Lies of Lies, saturday
Special Affairs Team TEN,friday
A Poem a Day,monday
A Poem a Day, tuesday
Brilliant Heritage,monday
Brilliant Heritage, tuesday
Brilliant Heritage, wednesday
Brilliant Heritage, thursday
Brilliant Heritage, friday
Heard It Through the Grapevine,monday
Heard It Through the Grapevine, tuesday
Delayed Justice,friday
Delayed Justice, saturday
I Need Romance,monday
I Need Romance, tuesday
Marry Him If You Dare,monday
Marry Him If You Dare, tuesday
Heart to Heart,friday
Heart to Heart, saturday
My Spring Days,wednesday
My Spring Days, thursday
The Great Merchant,saturday
The Great Merchant, sunday
Meloholic,monday
Meloholic, tuesday
Temptation,monday
Temptation, tuesday
My Husband Oh Jak-doo,saturday
The Lover,thursday
Hidden Identity,monday
Hidden Identity, tuesday
Man Who Sets the Table,saturday
Man Who Sets the Table, sunday
Item,monday
Item, tuesday
Times,saturday
Times, sunday
Big Man,monday
Big Man, tuesday
Mrs. Cop,monday
Mrs. Cop, tuesday
Sandglass,monday
Sandglass, tuesday
Sandglass, wednesday
Sandglass, thursday
Sandglass, friday
Argon,monday
Argon, tuesday
Hur Jun,monday
Hur Jun, tuesday
Punch,monday
Punch, tuesday
Standby,monday
Standby, tuesday
Standby, wednesday
Standby, thursday
Standby, friday
Mom,saturday
Mom, sunday
Jeong Do-jeon,saturday
Jeong Do-jeon, sunday
Chakhanmanyeojeon,saturday
Babel,saturday
Babel, sunday
My Healing Love,sunday
Sponsor,wednesday
Sponsor, thursday
Your House Helper,wednesday
Your House Helper, thursday
The Family Is Coming,saturday
The Family Is Coming, sunday
Andante,sunday
Bad Papa,monday
Bad Papa, tuesday
Legal High,friday
Legal High, saturday
Working Mom,wednesday
Working Mom, thursday
New Heart,wednesday
New Heart, thursday
"Take Care of Us, Captain",wednesday
"Take Care of Us, Captain", thursday
Phoenix,monday
Phoenix, tuesday
Dae Jang-Geum Is Watching,thursday
Dae Jang-Geum Is Watching,thursday
Late Night Restaurant,saturday
One Well-Raised Daughter,monday
One Well-Raised Daughter, tuesday
One Well-Raised Daughter, wednesday
One Well-Raised Daughter, thursday
One Well-Raised Daughter, friday
Bachelor's Vegetable Store,wednesday
Bachelor's Vegetable Store, thursday
7th Grade Civil Servant,wednesday
7th Grade Civil Servant, thursday
Home for Summer,monday
Home for Summer, tuesday
Home for Summer, wednesday
Home for Summer, thursday
Home for Summer, friday
A Thousand Days' Promise,monday
A Thousand Days' Promise, tuesday
Life Is Beautiful,monday
Life Is Beautiful, tuesday
Just Dance,monday
Just Dance, tuesday
Eccentric! Chef Moon,friday
Eccentric! Chef Moon, saturday
Happy Together,wednesday
Happy Together, thursday
Endless Love,saturday
Endless Love, sunday
Splendid Politics,monday
Splendid Politics, tuesday
Ms. Perfect,monday
Ms. Perfect, tuesday
Risky Romance,monday
Risky Romance, tuesday
Secrets and Lies,monday
Secrets and Lies, tuesday
Secrets and Lies, wednesday
Secrets and Lies, thursday
Secrets and Lies, friday
Hundred Year Inheritance,saturday
Hundred Year Inheritance, sunday
Bravo My Life,monday
Bravo My Life, tuesday
Bravo My Life, wednesday
Bravo My Life, thursday
Bravo My Life, friday
Romance Town,wednesday
Romance Town, thursday
Lovers in Bloom,monday
Lovers in Bloom, tuesday
Lovers in Bloom, wednesday
Lovers in Bloom, thursday
Lovers in Bloom, friday
Vampire Prosecutor,sunday
Feast of the Gods,saturday
Feast of the Gods, sunday
The Greatest Marriage,saturday
Which Star Are You From,monday
Which Star Are You From, tuesday
Secret Mother,saturday
The Blade and Petal,wednesday
The Blade and Petal, thursday
Not Yet Thirty,tuesday
Not Yet Thirty, saturday
Monstar,friday
Let Me Introduce Her,saturday
My Little Baby,saturday
Hide and Seek,saturday
Thousand Years of Love,monday
Thousand Years of Love, wednesday
Thousand Years of Love, friday
Thousand Years of Love,monday
Thousand Years of Love, wednesday
Thousand Years of Love, friday
The Great Seer,wednesday
The Great Seer, thursday
Stars Falling from the Sky,thursday
Stars Falling from the Sky, wednesday
A New Leaf,wednesday
A New Leaf, thursday
One Sunny Day,NA
The King of Dramas,monday
The King of Dramas, tuesday
Ice Adonis,monday
Ice Adonis, tuesday
Ice Adonis, wednesday
Ice Adonis, thursday
Happy If You Died,wednesday
Happy If You Died, thursday
Delicious Proposal,wednesday
Delicious Proposal, thursday
On the Way to the Airport,wednesday
On the Way to the Airport, thursday
Seoul 1945,saturday
Seoul 1945, sunday
Poseidon,monday
Poseidon, tuesday
Sweet Enemy,monday
Sweet Enemy, tuesday
Sweet Enemy, wednesday
Sweet Enemy, thursday
Sweet Enemy, friday
Spotlight,wednesday
Spotlight, thursday
Return,wednesday
Return, thursday
How to Buy a Friend,monday
How to Buy a Friend, tuesday
Taejo Wang Geon,saturday
Taejo Wang Geon, sunday
Tazza,monday
Tazza, tuesday
You and I,saturday
You and I, sunday
Glory Jane,wednesday
Glory Jane, thursday
Three Days,wednesday
Three Days, thursday
The Sons of Sol Pharmacy House,saturday
The Sons of Sol Pharmacy House, sunday
The Queen's Classroom,wednesday
The Queen's Classroom, thursday
Ruby Ring,monday
Ruby Ring, tuesday
Ruby Ring, wednesday
Ruby Ring, thursday
Ruby Ring, friday
My Beautiful Bride,saturday
My Beautiful Bride, sunday
Woman with a Suitcase,monday
Woman with a Suitcase, tuesday
Memory,friday
Memory, saturday
Pegasus Market,friday
Left-Handed Wife,monday
Left-Handed Wife, tuesday
Left-Handed Wife, wednesday
Left-Handed Wife, thursday
Left-Handed Wife, friday
My Unfortunate Boyfriend,friday
My Unfortunate Boyfriend, saturday
Golden Time,monday
Golden Time, tuesday
Secrets of Women,monday
Secrets of Women, tuesday
Secrets of Women, wednesday
Secrets of Women, thursday
Secrets of Women, friday
Pink Lipstick,monday
Pink Lipstick, tuesday
Pink Lipstick, wednesday
Pink Lipstick, thursday
Pink Lipstick, friday
Vampire Idol,monday
Vampire Idol, tuesday
Vampire Idol, wednesday
Vampire Idol, thursday
Vampire Idol, friday
A Place in the Sun,monday
A Place in the Sun, tuesday
A Place in the Sun, wednesday
A Place in the Sun, thursday
A Place in the Sun, friday
Chungil Electronics Miss Lee,wednesday
Chungil Electronics Miss Lee, thursday
Avengers Social Club,wednesday
Avengers Social Club, thursday
Mr. Baek,wednesday
Mr. Baek, thursday
The Devil,NA
Golden Cross,wednesday
Golden Cross, thursday
Secret Boutique,wednesday
Secret Boutique, thursday
Happy Sisters,monday
Happy Sisters, tuesday
Happy Sisters, wednesday
Happy Sisters, thursday
Happy Sisters, friday
First Love Again,thursday
The Return of Hwang Geum-Bok,monday
The Return of Hwang Geum-Bok, tuesday
The Return of Hwang Geum-Bok, wednesday
The Return of Hwang Geum-Bok, thursday
The Return of Hwang Geum-Bok, friday
We Are Dating Now,wednesday
We Are Dating Now, thursday
Blow Breeze,saturday
Blow Breeze, sunday
Miss Ripley,monday
Miss Ripley, tuesday
Lovers in Prague,saturday
Lovers in Prague, sunday
The Musical,friday
Radiant Office,wednesday
Radiant Office, thursday
The Birth of a Family,monday
The Birth of a Family, tuesday
The Birth of a Family, wednesday
The Birth of a Family, thursday
The Birth of a Family, friday
The 3rd Hospital,wednesday
The 3rd Hospital, thursday
Our Gap-soon,saturday
Our Gap-soon, sunday
Doctor Frost,sunday
Twelve Nights,friday
"Oh, the Mysterious",monday
"Oh, the Mysterious", tuesday
Unstoppable Marriage,monday
Unstoppable Marriage, tuesday
Unstoppable Marriage, wednesday
Unstoppable Marriage, thursday
Unstoppable Marriage, friday
The Full Sun,monday
The Full Sun, tuesday
Dalkomhan seupai,monday
Dalkomhan seupai, tuesday
Spy,friday
Drinking Solo,monday
Drinking Solo, tuesday
Pied Piper,monday
Pied Piper, tuesday
Doctor Detective,wednesday
Doctor Detective, thursday
Super Daddy Yeol,friday
Super Daddy Yeol, saturday
Chip In,wednesday
Chip In, thursday
Lovers,monday
Lovers, tuesday
First Love,wednesday
First Love, thursday
My Love by My Side,saturday
My Love by My Side, sunday
Wanted,wednesday
Wanted, thursday
Angel's Revenge,monday
Angel's Revenge, tuesday
Angel's Revenge, wednesday
Angel's Revenge, thursday
Angel's Revenge, friday
King's Family,saturday
King's Family, sunday
Baby Faced Beauty,monday
Baby Faced Beauty, tuesday
Can't Lose,wednesday
Can't Lose, thursday
Neighborhood Lawyer Jo Deul-ho,monday
Neighborhood Lawyer Jo Deul-ho, tuesday
The Queen of Office,monday
The Queen of Office, tuesday
Brain,monday
Brain, tuesday
Wonderful Mama,saturday
Wonderful Mama, sunday
Marrying a Millionaire,saturday
Marrying a Millionaire, sunday
Man Who Dies to Live,wednesday
Man Who Dies to Live, thursday
Basketball,monday
Basketball, tuesday
Robber,wednesday
Robber, thursday
The Banker,wednesday
The Banker, thursday
Model,wednesday
Model, thursday
Mysterious Personal Shopper,monday
Mysterious Personal Shopper, tuesday
Mysterious Personal Shopper, wednesday
Mysterious Personal Shopper, thursday
Mysterious Personal Shopper, friday
Coma,friday
Masked Prosecutor,wednesday
Masked Prosecutor, thursday
Heaven's Promise,monday
Heaven's Promise, tuesday
Heaven's Promise, wednesday
Heaven's Promise, thursday
Heaven's Promise, friday
Behind the White Tower,saturday
Behind the White Tower, sunday
It's My Life,monday
It's My Life, tuesday
It's My Life, wednesday
It's My Life, thursday
It's My Life, friday
I Order You,monday
I Order You, tuesday
I Order You, wednesday
I Order You, thursday
Korean Peninsula,monday
Korean Peninsula, tuesday
On Air,wednesday
On Air, thursday
Empire of Gold,monday
Empire of Gold, tuesday
You Are the Only One,monday
You Are the Only One, tuesday
You Are the Only One, wednesday
You Are the Only One, thursday
You Are the Only One, friday
Shining Days,wednesday
Shining Days, thursday
Incarnation of Money,saturday
Incarnation of Money, sunday
Capital Scandal,wednesday
Capital Scandal, thursday
"Run, Jang-Mi",monday
"Run, Jang-Mi", tuesday
"Run, Jang-Mi", wednesday
"Run, Jang-Mi", thursday
"Run, Jang-Mi", friday
Assembly,wednesday
Assembly, thursday
My Heart Twinkle Twinkle,saturday
My Heart Twinkle Twinkle, sunday
Who Are You?,monday
Who Are You?, tuesday
Love Returns,monday
Love Returns, tuesday
Love Returns, wednesday
Love Returns, thursday
Love Returns, friday
Unkind Ladies,wednesday
Unkind Ladies, thursday
Reset,sunday
Bad Housewife,monday
Bad Housewife, tuesday
Hero,sunday
My Dear Cat,monday
My Dear Cat, tuesday
My Dear Cat, wednesday
My Dear Cat, thursday
My Dear Cat, friday
Best Chicken,wednesday
Best Chicken, thursday
Ruler of Your Own World,wednesday
Ruler of Your Own World, thursday
Melody of Love,monday
Melody of Love, tuesday
Melody of Love, wednesday
Melody of Love, thursday
Melody of Love, friday
Spy Myung-wol,monday
Spy Myung-wol, tuesday
Syndrome,monday
Syndrome, tuesday
"Be Strong, Geum-Soon!",monday
"Be Strong, Geum-Soon!", tuesday
"Be Strong, Geum-Soon!", wednesday
"Be Strong, Geum-Soon!", thursday
"Be Strong, Geum-Soon!", friday
Laurel Tree Tailors,saturday
Laurel Tree Tailors, sunday
Lights and Shadows,monday
Lights and Shadows, tuesday
Two Mothers,monday
Two Mothers, tuesday
Two Mothers, wednesday
Two Mothers, thursday
Two Mothers, friday
My Beloved Sister,saturday
My Beloved Sister, sunday
Unknown Woman,monday
Unknown Woman, tuesday
Unknown Woman, wednesday
Unknown Woman, thursday
Unknown Woman, friday
A Thousand Kisses,saturday
A Thousand Kisses, sunday
Aillaendeu,wednesday
Aillaendeu, thursday
The Secret of My Love,monday
The Secret of My Love, tuesday
The Secret of My Love, wednesday
The Secret of My Love, thursday
The Secret of My Love, friday
Gangnam Scandal,monday
Gangnam Scandal, tuesday
Gangnam Scandal, wednesday
Gangnam Scandal, thursday
Gangnam Scandal, friday
Tomorrow Boy,NA
Jeogdoui Namja,wednesday
Jeogdoui Namja, thursday
Amoreupati,monday
Amoreupati, tuesday
Amoreupati, wednesday
Amoreupati, thursday
Amoreupati, friday
"Sweet, Savage Family",wednesday
"Sweet, Savage Family", thursday
Someday,friday
A Daughter Just Like You,monday
A Daughter Just Like You, tuesday
A Daughter Just Like You, wednesday
A Daughter Just Like You, thursday
A Daughter Just Like You, friday
Romance,wednesday
Romance, thursday
Surgeon Bong Dal-hee,wednesday
Surgeon Bong Dal-hee, thursday
Apgujeong Midnight Sun,monday
Apgujeong Midnight Sun, tuesday
Apgujeong Midnight Sun, wednesday
Apgujeong Midnight Sun, thursday
Apgujeong Midnight Sun, friday
Love to the End,monday
Love to the End, tuesday
Love to the End, wednesday
Love to the End, thursday
Love to the End, friday
Sweden Laundry,friday
Family's Honor,saturday
Family's Honor, sunday
One Fine Day,saturday
One Fine Day, sunday
Magic Cellphone,NA
Grandpas Over Flowers Investigation Team,friday
Love on a Rooftop,monday
Love on a Rooftop, tuesday
Love on a Rooftop, wednesday
Love on a Rooftop, thursday
Love on a Rooftop, friday
Conspiracy in the Court,monday
Conspiracy in the Court, tuesday
Precious Family,saturday
Precious Family, sunday
Byeoleun nae gaseume,monday
Byeoleun nae gaseume, tuesday
Beating Heart,saturday
Beating Heart, sunday
Enemies from the Past,monday
Enemies from the Past, tuesday
Enemies from the Past, wednesday
Enemies from the Past, thursday
Enemies from the Past, friday
Obeo deo reinbou,wednesday
Obeo deo reinbou, thursday
Happy Ending,saturday
I Love Lee Tae-ri,monday
I Love Lee Tae-ri, tuesday
Autumn Shower,wednesday
Autumn Shower, thursday
Make a Woman Cry,saturday
Make a Woman Cry, sunday
Love Again,wednesday
Love Again, thursday
Your Neighbor's Wife,monday
Your Neighbor's Wife, tuesday
Ad Genius Lee Tae Baek,monday
Ad Genius Lee Tae Baek, tuesday
Yurihwa,wednesday
Yurihwa, thursday
How to Meet a Perfect Neighbor,wednesday
How to Meet a Perfect Neighbor, thursday
The End of the World,saturday
The End of the World, sunday
"Please Come Back, Soon-ae",wednesday
"Please Come Back, Soon-ae", thursday
The Wedding Scheme,monday
The Wedding Scheme, tuesday
Don't Hesitate,monday
Don't Hesitate, tuesday
Don't Hesitate, wednesday
Don't Hesitate, thursday
Don't Hesitate, friday
Into the Flames,friday
Into the Flames, saturday
