kdrama_name,platform
Extraordinary Attorney Woo,Netflix
Squid Game,Netflix
Return,Netflix
All of Us Are Dead,Netflix
A Model Family,Netflix
Pachinko,Apple TV
Big Mouth,Wavve
Crash Landing on You,Netflix
Kingdom,Netflix
True Beauty,Viki
True Beauty, Apple TV
Sweet Home,
Sweet Home,Netflix
The Office Blind Date,Netflix
Vincenzo,TVING
Vincenzo, Netflix
It's Okay to Not Be Okay,Netflix
Undercover,Netflix
The King's Affection,Netflix
Mouse,Apple TV
Mouse, TVING
Mouse, Viki
Mouse, WeTV
Hometown Cha-Cha-Cha,TVING
Hometown Cha-Cha-Cha, Netflix
Remarriage & Desires,Netflix
Itaewon Class,Netflix
Descendants of the Sun,WeTV
Descendants of the Sun, iflix
Descendants of the Sun, Apple TV
Descendants of the Sun, Hulu
Descendants of the Sun, Viki
What's Wrong with Secretary Kim,WeTV
What's Wrong with Secretary Kim, Apple TV
What's Wrong with Secretary Kim, iflix
What's Wrong with Secretary Kim, Hulu
What's Wrong with Secretary Kim, Viki
The Silent Sea,Netflix
Snowdrop,Disney Hotstar
Snowdrop, Disney
Adamas,Disney
Adamas, Disney Hotstar
Hellbound,Netflix
Tomorrow,Netflix
Tomorrow,KDRAMA
Tomorrow, Viki
Tomorrow, WeTV
Tomorrow, Netflix
Backstreet Rookie,Viki
Backstreet Rookie, Netflix
Mr. Sunshine,Netflix
Start-Up,Netflix
Flower of Evil,Apple TV
Flower of Evil, Hulu
Flower of Evil, Viki
Our Blues,TVING
Our Blues, Netflix
Nevertheless,Netflix
Run On,Netflix
Our Beloved Summer,Wavve
Our Beloved Summer, Netflix
Stranger,Disney Hotstar
Stranger, Netflix
Doom at Your Service,TVING
Doom at Your Service, Prime Video
Doom at Your Service, Viki
Hotel Del Luna,WeTV
Hotel Del Luna, Netflix
Hotel Del Luna, KDRAMA
Hotel Del Luna, Apple TV
Hotel Del Luna, Viki
Strong Girl Bong-soon,Disney Hotstar
Strong Girl Bong-soon, WeTV
Strong Girl Bong-soon, Apple TV
Strong Girl Bong-soon, iflix
Strong Girl Bong-soon, Prime Video
Strong Girl Bong-soon, Viki
Happiness,WeTV
Happiness, Netflix
Happiness, TVING
Happiness, Viki
The Uncanny Counter,Netflix
W,WeTV
W, Apple TV
W, iflix
W, Viki
Vagabond,Netflix
The K2,WeTV
The K2, Netflix
The K2, KDRAMA
The K2, Apple TV
The K2, Viki
Eve,Viki
She Would Never Know,
Tell Me Your Wish,Wavve
Tell Me Your Wish, Viki
Tell Me Your Wish,
Why Her,Viki
While You Were Sleeping,
Tale of the Nine Tailed,Viki
Tale of the Nine Tailed, WeTV
Tale of the Nine Tailed, Netflix
Extraordinary You,Viki
Extraordinary You, WeTV
Reply 1988,WeTV
Reply 1988, Netflix
Reply 1988, Apple TV
Reply 1988, Viki
Hospital Playlist,Netflix
Boys Over Flowers,Apple TV
Boys Over Flowers, Tubi
Boys Over Flowers, AsianCrush
Boys Over Flowers, iflix
Boys Over Flowers, Hulu
Boys Over Flowers, Viki
Boys Over Flowers, WeTV
Boys Over Flowers, Netflix
My Mister,WeTV
My Mister, Netflix
My Mister, KDRAMA
My Mister, Apple TV
My Mister, Viki
Sell Your Haunted House,Viki
Sell Your Haunted House, Netflix
Sell Your Haunted House, Prime Video
Because This Is My First Life,WeTV
Because This Is My First Life, Netflix
Because This Is My First Life, Apple TV
Because This Is My First Life, Viki
Monster,Disney Hotstar
Monster, WeTV
Monster, Netflix
Monster, Viki
Today's Webtoon,Viki
Taxi Driver,Viki
Taxi Driver, Netflix
Taxi Driver, Prime Video
The Empress Ki,Apple TV
The Empress Ki, Prime Video
The Empress Ki, Viki
My Liberation Diary,TVING
My Liberation Diary, Netflix
My Liberation Diary,TVING
My Liberation Diary, Netflix
The Sound of Magic,Netflix
Something in the Rain,Netflix
My Roommate Is a Gumiho,Apple TV
My Roommate Is a Gumiho, TVING
My Roommate Is a Gumiho, Viki
My Roommate Is a Gumiho, Netflix
My Love from Another Star,Viki
My Love from Another Star, Apple TV
Star's Lover,Viki
Star's Lover, Apple TV
Healer,Viki
Healer, Apple TV
Healer, Prime Video
Shooting Stars,Viki
Shooting Stars, TVING
Juvenile Justice,Netflix
Extracurricular,Netflix
D.P.,Netflix
Dr. Romantic,WeTV
Dr. Romantic, SBS VOD
Dr. Romantic, Viki
Weightlifting Fairy Kim Bok-Joo,WeTV
Weightlifting Fairy Kim Bok-Joo, Apple TV
Weightlifting Fairy Kim Bok-Joo, iWant TFC
Weightlifting Fairy Kim Bok-Joo, Viki
Heirs,WeTV
Heirs, Netflix
Heirs, Apple TV
Heirs, Viki
Anna,
The Tale of Nokdu,WeTV
The Tale of Nokdu, Apple TV
The Tale of Nokdu, iflix
The Tale of Nokdu, Viki
Romance Is a Bonus Book,Netflix
Signal,WeTV
Signal, Netflix
Signal, Viki
Prison Playbook,Disney Hotstar
Prison Playbook, Netflix
Prison Playbook, KDRAMA
Yumi's Cells,TVING
Yumi's Cells, Viki
Ghost Doctor,TVING
Ghost Doctor, Viki
Ghost Doctor, Netflix
Doctor Lawyer,Disney Hotstar
Good Doctor,Viki
Beauty Inside,Disney Hotstar
Beauty Inside, iflix
Beauty Inside, Viki
Beauty Inside, WeTV
Beauty Inside, Netflix
Beauty Inside, Apple TV
Oh My Venus,WeTV
Oh My Venus, Apple TV
Oh My Venus, iflix
Oh My Venus, Hulu
Oh My Venus, Viki
Fight for My Way,WeTV
Fight for My Way, Apple TV
Fight for My Way, iflix
Fight for My Way, Viki
Love in the Moonlight,WeTV
Love in the Moonlight, Netflix
Love in the Moonlight, Apple TV
Love in the Moonlight, Viki
Her Private Life,WeTV
Her Private Life, Netflix
Her Private Life, Apple TV
Her Private Life, Prime Video
Her Private Life, Viki
SKY Castle,Disney Hotstar
SKY Castle, Viki
SKY Castle, WeTV
SKY Castle, Netflix
Do You Like Brahms?,SBS World
Do You Like Brahms?, Viki
Do You Like Brahms?, Netflix
Suspicious Partner,WeTV
Suspicious Partner, Apple TV
Suspicious Partner, Viki
The World of the Married,Disney Hotstar
The World of the Married, iflix
Pinocchio,Apple TV
Pinocchio, Viki
Pinocchio, WeTV
The Devil Judge,WeTV
The Devil Judge, Netflix
The Devil Judge, TVING
The Devil Judge, Viki
A Korean Odyssey,Viki
A Korean Odyssey, Netflix
A Korean Odyssey, Apple TV
Bulgasal,TVING
Bulgasal, Netflix
Record of Youth,Netflix
The Iron Empress,Hulu
The Iron Empress, Viki
The Iron Empress, Prime Video
Black,KDRAMA
Black, Netflix
Love Alarm,Netflix
My Country: The New Age,Netflix
I'm Not a Robot,WeTV
I'm Not a Robot, Apple TV
I'm Not a Robot, Viki
Hell Is Other People,KDRAMA
Hell Is Other People, Prime Video
Hell Is Other People, Netflix
Youth of May,Viki
Youth of May, Netflix
Youth of May, Prime Video
One Ordinary Day,
Bad and Crazy,TVING
The Good Detective,Disney Hotstar
The Good Detective, Netflix
The Fiery Priest,Apple TV
The Fiery Priest, Viki
Clean with Passion for Now,WeTV
Clean with Passion for Now, Netflix
Clean with Passion for Now, Apple TV
Clean with Passion for Now, iflix
Clean with Passion for Now, Viki
Dr. Brain,Apple TV
Voice,Viki
Voice, Netflix
Voice, KDRAMA
Voice, Prime Video
Alhambeura Goongjeonui Chooeok,Netflix
"Poong, the Joseon Psychiatrist",Viki
Stove League,Viki
Stove League, Netflix
Rookie Historian Goo Hae-Ryung,Netflix
My Secret Romance,Viki
My Secret Romance, Netflix
My Secret Romance, KDRAMA
My Secret Romance, Apple TV
Lovers of the Red Sky,Viki
Insider,Viki
18 Again,WeTV
Touch Your Heart,WeTV
Touch Your Heart, Netflix
Touch Your Heart, KDRAMA
Touch Your Heart, iWant TFC
Touch Your Heart, Viki
Lawless Lawyer,WeTV
Lawless Lawyer, Netflix
Lawless Lawyer, KDRAMA
Lawless Lawyer, Apple TV
Lawless Lawyer, Viki
Police University,Viki
Police University, Netflix
Police University, Prime Video
Melting Me Softly,KDRAMA
Melting Me Softly, Apple TV
Melting Me Softly, Viki
Love All Play,Disney Hotstar
Uncontrollably Fond,WeTV
Uncontrollably Fond, Netflix
Uncontrollably Fond, Hulu
Uncontrollably Fond, Viki
One Spring Night,Netflix
100 Days My Prince,WeTV
100 Days My Prince, Netflix
100 Days My Prince, KDRAMA
100 Days My Prince, Apple TV
100 Days My Prince, Viki
Kiss Sixth Sense,Disney Hotstar
Again My Life,Viki
Dream High,Viki
Dream High, Netflix
The Bride of Habaek,WeTV
The Bride of Habaek, Netflix
The Bride of Habaek, KDRAMA
The Bride of Habaek, Apple TV
The Bride of Habaek, Viki
Jingkeuseuui Yeonin,Viki
She Was Pretty,WeTV
She Was Pretty, Apple TV
She Was Pretty, Viki
Law School,Netflix
"Kill Me, Heal Me",WeTV
"Kill Me, Heal Me", Apple TV
"Kill Me, Heal Me", China Huace TV
"Kill Me, Heal Me", Viki
Aelliseu,Viki
Aelliseu, SBS World
When the Weather is Fine,Disney Hotstar
When the Weather is Fine, Viki
When the Weather is Fine, WeTV
When the Weather is Fine, iflix
When the Weather is Fine, Hulu
City Hunter,Apple TV
Haereul poomeun dal,WeTV
Haereul poomeun dal, Apple TV
Haereul poomeun dal, iflix
Haereul poomeun dal, Viki
The Crowned Clown,WeTV
The Crowned Clown, Netflix
The Crowned Clown, KDRAMA
The Crowned Clown, Viki
Military Prosecutor Do Bae Man,Netflix
Military Prosecutor Do Bae Man, Viki
Oh My Ghost,Prime Video
Oh My Ghost, Viki
Oh My Ghost, WeTV
Oh My Ghost, Netflix
Oh My Ghost, KDRAMA
Oh My Ghost, AsianCrush
Save Me,KDRAMA
Live Up to Your Name,KDRAMA
Live Up to Your Name, Netflix
My Unfamiliar Family,Viki
My Unfamiliar Family, Netflix
My Unfamiliar Family, Apple TV
Keuleiji Leobeu,Disney Hotstar
Keuleiji Leobeu, Disney
The Innocent Man,WeTV
The Innocent Man, Netflix
The Innocent Man, Viki
Encounter,Viki
Encounter, Netflix
Encounter, Hulu
Encounter, Apple TV
Kairos,Apple TV
Kairos, Viki
"Bring It On, Ghost",WeTV
"Bring It On, Ghost", Viki
"Bring It On, Ghost", KDRAMA
Tunnel,WeTV
Tunnel, KDRAMA
Tunnel, Viki
The Veil,Prime Video
The Veil, Viki
Private Lives,Netflix
My Golden Life,Viki
My Golden Life, Apple TV
The 1st Shop of Coffee Prince,Viki
The 1st Shop of Coffee Prince, Apple TV
Bridal Mask,Viki
"Father, I'll Take Care of You",
A Love So Beautiful,Kakao TV
A Love So Beautiful, Netflix
Mystic Pop-up Bar,Netflix
The Smile Has Left Your Eyes,Apple TV
The Smile Has Left Your Eyes, Viki
The Smile Has Left Your Eyes, KDRAMA
My Secret Terrius,
School 2017,Viki
School 2017, Apple TV
Doctor John,Apple TV
Doctor John, Viki
More Than Friends,Disney Hotstar
More Than Friends, Hulu
More Than Friends, Viki
More Than Friends, WeTV
More Than Friends, Netflix
Designated Survivor: 60 Days,Netflix
Bad Guys,
Yeopgijeogin Geunyeo,Viki
Yeopgijeogin Geunyeo, Netflix
Yeopgijeogin Geunyeo, SBS World
When the Camellia Blooms,Netflix
My Strange Hero,Apple TV
My Strange Hero, Viki
Misty,Disney Hotstar
Misty, Viki
Misty, Netflix
Mom,Netflix
Naesungjukin Boseu,KDRAMA
Naesungjukin Boseu, WeTV
Naesungjukin Boseu, Netflix
Find Me in Your Memory,Apple TV
Find Me in Your Memory, Viki
Find Me in Your Memory, Netflix
Adult Trainee,TVING
Bloody Heart,Disney Hotstar
Bloody Heart, Disney
Cheese in the Trap,WeTV
Cheese in the Trap, KDRAMA
Cheese in the Trap, Apple TV
Cheese in the Trap, Viki
Familiar Wife,KDRAMA
Familiar Wife, Viki
Familiar Wife, WeTV
Familiar Wife, Netflix
High Society,SBS VOD
High Society, SBS World
High Society, Viki
Shine or Go Crazy,Viki
Racket Boys,Netflix
"Now, We Are Breaking Up",Viki
Investigation Partners,Apple TV
Investigation Partners, Viki
A Wonderful Sight,Netflix
Nothing to Lose,Viki
Nothing to Lose, Netflix
Nothing to Lose, SBS World
River Where the Moon Rises,Viki
Woori the Virgin,Viki
Rookie Cops,Disney Hotstar
Jirisan,TVING
Jirisan, Viki
Cunning Single Lady,Viki
Cunning Single Lady, Netflix
The Ghost Detective,Viki
Tell Me What You Saw,Viki
Dakteoseu,Viki
Dakteoseu, SBS VOD
Dakteoseu, Apple TV
Dakteoseu, SBS World
Dakteoseu, Prime Video
Strongest Deliveryman,Tubi
Strongest Deliveryman, Netflix
Becoming Witch,Netflix
Rugal,Netflix
Where Stars Land,Viki
Where Stars Land, Apple TV
Where Stars Land, SBS World
Still 17,WeTV
Still 17, Viki
"It's Okay, That's Love",Disney Hotstar
"It's Okay, That's Love", WeTV
"It's Okay, That's Love", Viki
Angel's Last Mission: Love,Viki
Angel's Last Mission: Love, Apple TV
Angel's Last Mission: Love, KBS World
Angel's Last Mission: Love, Prime Video
Good Manager,Viki
Hello Monster,Apple TV
Hello Monster, Viki
Another Miss Oh,Disney Hotstar
Another Miss Oh, WeTV
Another Miss Oh, Netflix
Another Miss Oh, KDRAMA
Doctor Prisoner,Viki
Doctor Prisoner, Apple TV
Chocolate,Netflix
The School Nurse Files,Netflix
Memorist,Viki
Memorist, WeTV
Misaeng,WeTV
Misaeng, Netflix
Misaeng, Viki
Love with Flaws,Apple TV
Love with Flaws, Viki
You Are My Spring,TVING
You Are My Spring, Netflix
Doctor Stranger,SBS World
Doctor Stranger, Viki
Doctor Stranger, WeTV
Doctor Stranger, Netflix
Doctor Stranger, Apple TV
He is Psychometric,Viki
He is Psychometric, WeTV
He is Psychometric, KDRAMA
He is Psychometric, Apple TV
"From Now On, Showtime!",Viki
Father Is Strange,Apple TV
Father Is Strange, Viki
Train,Viki
The Cursed,WeTV
The Cursed, Netflix
You Are Beautiful,Viki
You Are Beautiful, Netflix
To the Beautiful You,Viki
Nobody Knows,Viki
Heartless City,Viki
Undercover,
Peurodyusa,Viki
Peurodyusa, WeTV
Kill It,Viki
Kill It, WeTV
Mad Dog,Viki
Mad Dog, Apple TV
Man to Man,Netflix
High Kick!,
Color Rush,Apple TV
Color Rush, Viki
VIP,Viki
VIP, Netflix
VIP, SBS World
Seven Day Queen,Viki
Seven Day Queen, Apple TV
Birth of a Beauty,Viki
Birth of a Beauty, Netflix
Birth of a Beauty, SBS World
Imitation,Viki
Imitation, Netflix
Welcome to Wedding Hell,Netflix
School 2021,Viki
Once Again,Viki
Once Again, Apple TV
Dear X Who Doesn't Love Me,Viki
The Light in Your Eyes,Disney Hotstar
The Light in Your Eyes, Hulu
The Light in Your Eyes, Viki
Watcher,Disney Hotstar
Watcher, Viki
Live,KDRAMA
Live, Netflix
The King 2 Hearts,Prime Video
The King 2 Hearts, Viki
Life on Mars,KDRAMA
Lost,
"Hello, Me!",Netflix
My Absolute Boyfriend,Apple TV
My Absolute Boyfriend, Hulu
My Absolute Boyfriend, Viki
Oh My Baby,WeTV
Oh My Baby, Netflix
Oh My Baby, KDRAMA
Oh My Baby, Viki
"At A Distance, Spring Is Green",Apple TV
"At A Distance, Spring Is Green", Viki
Search,Viki
Operation Proposal,Netflix
Young Lady and Gentleman,Netflix
Young Lady and Gentleman, KBS World
Young Lady and Gentleman, Prime Video
Young Lady and Gentleman, Viki
Live On,Viki
Live On, WeTV
So Not Worth It,Netflix
Reply 1994,Viki
Reply 1994, WeTV
Melancholia,WeTV
Melancholia, Netflix
Melancholia, TVING
Melancholia, Viki
The Best Hit,Viki
The Best Hit, Apple TV
Life,Netflix
Awaken,WeTV
Awaken, Viki
Graceful Family,Viki
The Lady in Dignity,
When a Man Loves,Viki
Rooftop Prince,WeTV
Rooftop Prince, Apple TV
Rooftop Prince, SBS World
Rooftop Prince, Viki
Top Management,
The Scholar Who Walks the Night,Viki
A Piece of Your Mind,Apple TV
A Piece of Your Mind, Viki
A Piece of Your Mind, WeTV
Chimera,TVING
Chimera, Viki
Hometown,WeTV
Hometown, Netflix
Hometown, TVING
A Witch's Love,Prime Video
A Witch's Love, Viki
A Witch's Love, Apple TV
A Witch's Love, AsianCrush
Blood,Viki
Blood, Netflix
Blood, KBS World
Modooui Geojitmal,Netflix
Criminal Minds,
Only One Person,Viki
Only One Person, Netflix
Only One Person, TVING
Black Knight,Netflix
Black Knight,Viki
Black Knight, Netflix
Entourage,
Catch the Ghost,
Come and Hug Me,Viki
I Wanna Hear Your Song,Viki
Secret Royal Inspector Joy,WeTV
Secret Royal Inspector Joy, Netflix
Secret Royal Inspector Joy, TVING
Secret Royal Inspector Joy, Viki
The Sound of Your Heart,Netflix
Squad 38,
Tracer,Wavve
Monthly Magazine Home,Viki
Emergency Couple,Apple TV
Emergency Couple, Viki
Emergency Couple, KDRAMA
Hyena,
Don't Dare to Dream,SBS VOD
Don't Dare to Dream, Viki
Don't Dare to Dream, Netflix
Reunited Worlds,SBS World
Reunited Worlds, Viki
Reunited Worlds, Netflix
Something About 1%,Viki
Something About 1%,Viki
Hotel King,
A Gentleman's Dignity,Viki
Shopping King Louie,Viki
"I'm Sorry, I Love You",KBS World
"I'm Sorry, I Love You", Viki
Angel Eyes,SBS World
Angel Eyes, Viki
Chicago Typewriter,Viki
Chicago Typewriter, WeTV
Chicago Typewriter, KDRAMA
Chicago Typewriter, Apple TV
Psychopath Diary,Viki
Money Flower,Viki
The Girl Who Sees Smells,Viki
The Girl Who Sees Smells, Netflix
Marriage Contract,Viki
Marriage Contract, Netflix
All In,
Potato Star 2013QR3,
Zombie Detective,Viki
Zombie Detective, Netflix
The Miracle,Viki
The Miracle, Netflix
Scent of a Woman,Viki
Dinner Mate,
The Spies Who Loved Me,
Soolkkundoshiyeojadeul,TVING
Soolkkundoshiyeojadeul, Prime Video
Angry Mom,Viki
Angry Mom, Netflix
Angry Mom,
I Have a Lover,SBS World
I Have a Lover, Viki
I Have a Lover, iWant TFC
Missing You,Viki
Beautiful Gong Shim,Viki
Reflection of You,Netflix
Princess Aurora,
The Secret Life of My Secretary,WeTV
The Secret Life of My Secretary, Viki
Justice,Apple TV
Justice, Viki
Empress Myeongseong,
The Last Empress,Viki
The Last Empress, SBS World
Class of Lies,Viki
Cleaning Up,
"Gwanggaeto, the Great Conqueror",KBS Drama Classic
Smile Again,
Fantastic,Disney Hotstar
Fantastic, Viki
Mask,SBS World
Mask, Viki
The Chaser,Viki
Dark Hole,Viki
Dark Hole, WeTV
EXO Next Door,LINE TV
You're All Surrounded,Viki
You're All Surrounded, Apple TV
You're All Surrounded, SBS World
Return,Netflix
The King Loves,Apple TV
The King Loves, Viki
The Killer's Shopping List,TVING
The Killer's Shopping List, Viki
The Princess' Man,Viki
Ms. Hammurabi,WeTV
Ms. Hammurabi, Viki
Temperature of Love,Apple TV
Temperature of Love, SBS World
Temperature of Love, Viki
Temperature of Love, Netflix
High School King of Savvy,Apple TV
High School King of Savvy, Viki
Touch,Viki
"Bad Thief, Good Thief",Viki
Orange Marmalade,Viki
Perfume,Apple TV
Perfume, Viki
Never twice,Viki
When I Was the Most Beautiful,Viki
When the Devil Calls Your Name,KDRAMA
When the Devil Calls Your Name, Viki
"Marriage, Not Dating",Viki
"Marriage, Not Dating", WeTV
"Marriage, Not Dating", KDRAMA
Miss Korea,Viki
Radio Romance,Viki
The Package,Disney Hotstar
The Package, WeTV
The Package, Netflix
The Package, Viki
Duel,
Untouchable,Disney Hotstar
Rosy Lovers,
Oh My Ladylord,
High Class,TVING
High Class, WeTV
Two Cops,Viki
Two Cops, Apple TV
Wok of Love,Apple TV
Wok of Love, Viki
Warm and Cozy,Viki
Warm and Cozy, Netflix
My Only One,Viki
My Only One, Netflix
My Only One, KBS World
The Man Living in Our House,Viki
The Man Living in Our House,Viki
L.U.C.A.: The Beginning,Viki
L.U.C.A.: The Beginning, WeTV
L.U.C.A.: The Beginning, TVING
My Only Love Song,Netflix
Hospital Ship,
One the Woman,Prime Video
One the Woman, Viki
Tomorrow's Cantabile,
Soul Mechanic,Viki
Protect the Boss,Viki
Protect the Boss, Apple TV
Let Me Be Your Knight,Viki
Excellent Shaman Ga Doo Shim,Kakao TV
Excellent Shaman Ga Doo Shim, Viki
Graceful Friends,Disney Hotstar
Graceful Friends, Netflix
Jang Bo Ri Is Here,Viki
Ugly Alert,SBS VOD
Gunman in Joseon,KBS World
Gunman in Joseon, Viki
Confession,
Welcome 2 Life,Apple TV
Welcome 2 Life, Viki
Haechi,Viki
Gracious Revenge,KBS World
Bride of the Century,Viki
Devilish Joy,Prime Video
Devilish Joy, Viki
Devilish Joy, Apple TV
Five Fingers,Viki
Wild Romance,Viki
Hush,
Missing 9,
My Fellow Citizens,Viki
My Fellow Citizens, Netflix
My Fellow Citizens, Apple TV
The Good Wife,
Let's Eat,Netflix
Rich Man,Apple TV
Rich Man, Hulu
Rich Man, Viki
The Greatest Love,Viki
Sabotage City,TVING
Sabotage City, Viki
Sabotage City, Netflix
The King's Face,Viki
Lie to Me,Viki
Lie to Me, Netflix
Summer Scent,
Children of Nobody,Viki
Shut Up Family,
Trap,
"Jang Ok-jung, Living by Love",
The Royal Gambler,Viki
The Royal Gambler, Netflix
The Royal Gambler, SBS World
Goodbye Mr. Black,iWant TFC
Goodbye Mr. Black, Viki
Beautiful World,Disney Hotstar
Beautiful World, Viki
Room No. 9,KDRAMA
The Greatest Divorce,Viki
The Suspicious Housekeeper,SBS World
The Suspicious Housekeeper, Viki
Please Don't Date Him,Viki
Please Don't Date Him, WeTV
Please Don't Date Him, Apple TV
My Daughter Seo Young,KBS World
My Daughter Seo Young, Viki
My Fair Lady,
Oh! My Lady,
Spring Must Be Coming,Apple TV
Spring Must Be Coming, Viki
Player,Viki
Player, WeTV
Player, KDRAMA
Love Rain,Viki
Love Rain, Netflix
Glass Slippers,
Wonderful Days,KBS World
Love in Sadness,Viki
Marry Me Now,Apple TV
Marry Me Now, KBS World
Marry Me Now, Viki
The Three Musketeers,
Blade Man,KBS World
Blade Man, Viki
Good Casting,SBS World
Good Casting, Viki
Level Up,Apple TV
Level Up, Viki
Happy Ending,Viki
Happy Ending, Netflix
Uwolhan Halu,Viki
Mother of Mine,
Mistress,KDRAMA
Mistress, Viki
Handsome Guy and Jung-Eum,SBS World
Handsome Guy and Jung-Eum, Viki
Girls' Generation 1979,Viki
Iljimae,
Diary of a Night Watchman,Viki
Get Revenge,Viki
The Genius,
Night Light,Netflix
Save the Last Dance for Me,
Uncle,SBS World
Uncle, Viki
Uncle,Viki
Sketch,Apple TV
Sketch, Viki
"The King of Tears, Lee Bang-won",Prime Video
"The King of Tears, Lee Bang-won", Viki
Five Children,Prime Video
Five Children, Viki
Five Children, KBS World
Temptation of Wife,
Geunyeoneun Geojitmaleul Neomoo Saranghae,KDRAMA
Geunyeoneun Geojitmaleul Neomoo Saranghae, Viki
Geunyeoneun Geojitmaleul Neomoo Saranghae, WeTV
Priest,
Padam Padam,Viki
The Emperor: Owner of the Mask,
Lucky Romance,Viki
Lucky Romance, Apple TV
You Are My Destiny,Apple TV
You Are My Destiny, Viki
Entertainer,SBS World
Entertainer, Viki
Choco Bank,Viki
The Third Charm,WeTV
The Third Charm, Netflix
The Third Charm, iflix
Lookout,Viki
Lookout, Netflix
Fates and Furies,Viki
The Time We Were Not in Love,SBS World
The Time We Were Not in Love, Viki
Begin Again,Netflix
Diary of a Prosecutor,Disney Hotstar
Diary of a Prosecutor, Hulu
Diary of a Prosecutor, Viki
Diary of a Prosecutor, iflix
Alone in Love,SBS World
Local Hero,
Children of a Lesser God,KDRAMA
"My Daughter, Geum Sa-wol",
Joseon Exorcist,WeTV
Hotelier,
Dream,
Unasked Family,KBS World
Mystery Queen,Apple TV
Mystery Queen, Viki
Unexpected You,
Kkondae Intern,WeTV
Kkondae Intern, Viki
You Are the Best!,KBS World
You Are the Best!, Viki
Pride and Prejudice,Viki
Pride and Prejudice, Netflix
Second to Last Love,Viki
Second 20s,Netflix
My Secret Hotel,Viki
Whisper,Viki
Goodbye to Goodbye,Viki
Discovery of Love,Viki
Discovery of Love, KBS Drama Classic
Discovery of Love, KBS World
May Queen,Viki
Your Honor,SBS World
Your Honor, Viki
Your Honor, Apple TV
Monster,
My Runway,Netflix
Band of Sisters,SBS World
Band of Sisters, Viki
Jugglers,Viki
"Me Too, Flower!",Viki
Dr. Jin,Viki
Last,Viki
Gu Am Heo Joon,
Less Than Evil,Viki
Woman of 9.9 Billion,Viki
A Pledge to God,Viki
Thank You,    
Thank You, Viki
My Dangerous Wife,Apple TV
My Dangerous Wife, Viki
Revolutionary Sisters,Prime Video
Revolutionary Sisters, Viki
Revolutionary Sisters, Netflix
Revolutionary Sisters, KBS World
Money Game,WeTV
I Need Romance 3,
Sweet Munchies,Viki
Sweet Munchies, Netflix
Different Dreams,Viki
Cheongdam-dong Alice,SBS World
Cheongdam-dong Alice, Viki
Nonstop,
Pretty Boy,Viki
On the Verge of Insanity,Prime Video
On the Verge of Insanity, Viki
Medical Top Team,Viki
Emperor of the Sea,
Can We Get Married?,Apple TV
Can We Get Married?, Viki
Fashion King,SBS World
Fashion King, Viki
The Wind Blows,Viki
The Wind Blows, Netflix
My Lovely Girl,Apple TV
My Lovely Girl, SBS World
My Lovely Girl, Viki
Lovely Horribly,Viki
Immortal Yi Soon-shin,
The King and I,
Ms. Temper & Nam Jung-Gi,Viki
Passionate Love,
All About My Romance,SBS World
All About My Romance, Viki
One Warm Word,SBS World
One Warm Word, Viki
I Need Romance 2012,
The Great Show,Viki
Flower Boy Ramyun Shop,Viki
"I Do, I Do",Viki
Big Issue,Viki
Big Issue, Apple TV
Divorce Lawyer in Love,SBS World
Divorce Lawyer in Love, Viki
Can You Hear My Heart?,Viki
Dae Wang Sejong,
Lies of Lies,Viki
Special Affairs Team TEN,
A Poem a Day,KDRAMA
Brilliant Heritage,Viki
Heard It Through the Grapevine,Viki
Delayed Justice,Apple TV
Delayed Justice, Viki
I Need Romance,
Marry Him If You Dare,Viki
Heart to Heart,
My Spring Days,Viki
The Great Merchant,
Meloholic,Viki
Temptation,SBS World
Temptation, Viki
My Husband Oh Jak-doo,Viki
My Husband Oh Jak-doo, Netflix
The Lover,
Hidden Identity,
Man Who Sets the Table,Viki
Item,Apple TV
Item, Viki
Times,Viki
Times, WeTV
Big Man,KBS World
Mrs. Cop,SBS World
Mrs. Cop, Viki
Mrs. Cop, SBS VOD
Mrs. Cop, Apple TV
Sandglass,
Argon,Netflix
Hur Jun,
Punch,SBS World
Punch, Viki
Standby,
Mom,KBS World
Mom, Viki
Jeong Do-jeon,
Chakhanmanyeojeon,Viki
Babel,Viki
My Healing Love,Viki
Sponsor,Viki
Your House Helper,Viki
The Family Is Coming,SBS World
Andante,Viki
Bad Papa,Viki
Legal High,Viki
Working Mom,
New Heart,Viki
"Take Care of Us, Captain",SBS World
"Take Care of Us, Captain", Viki
Phoenix,
Dae Jang-Geum Is Watching,Viki
Dae Jang-Geum Is Watching,Viki
Late Night Restaurant,
One Well-Raised Daughter,
Bachelor's Vegetable Store,
7th Grade Civil Servant,
Home for Summer,KBS World
A Thousand Days' Promise,
Life Is Beautiful,
Just Dance,Viki
Eccentric! Chef Moon,Viki
Happy Together,
Endless Love,Viki
Splendid Politics,Viki
Ms. Perfect,Viki
Risky Romance,AsianCrush
Risky Romance, Prime Video
Risky Romance, Viki
Secrets and Lies,
Hundred Year Inheritance,Viki
Bravo My Life,KBS World
Romance Town,
Lovers in Bloom,KBS World
Vampire Prosecutor,
Feast of the Gods,Viki
The Greatest Marriage,Netflix
Which Star Are You From,
Secret Mother,SBS World
Secret Mother, Viki
The Blade and Petal,
Not Yet Thirty,Kakao TV
Not Yet Thirty, Viki
Monstar,KDRAMA
Let Me Introduce Her,Apple TV
Let Me Introduce Her, SBS World
Let Me Introduce Her, Viki
My Little Baby,Prime Video
My Little Baby, Netflix
Hide and Seek,Apple TV
Hide and Seek, Viki
Thousand Years of Love,
Thousand Years of Love,
The Great Seer,
Stars Falling from the Sky,Apple TV
Stars Falling from the Sky, Viki
Stars Falling from the Sky, KDRAMA
A New Leaf,Viki
One Sunny Day,
The King of Dramas,SBS World
Ice Adonis,KDRAMA
Happy If You Died,Viki
Delicious Proposal,
On the Way to the Airport,
Seoul 1945,
Poseidon,
Sweet Enemy,
Spotlight,Viki
Return,Viki
How to Buy a Friend,Viki
Taejo Wang Geon,
Tazza,Viki
You and I,
Glory Jane,
Three Days,SBS World
Three Days, Viki
The Sons of Sol Pharmacy House,
The Queen's Classroom,
Ruby Ring,KBS Drama
Ruby Ring, KBS World
My Beautiful Bride,
Woman with a Suitcase,
Memory,
Pegasus Market,
Left-Handed Wife,KBS World
My Unfortunate Boyfriend,AsianCrush
My Unfortunate Boyfriend, Prime Video
Golden Time,Viki
Secrets of Women,KBS World
Pink Lipstick,
Vampire Idol,
A Place in the Sun,KBS World
Chungil Electronics Miss Lee,
Avengers Social Club,KDRAMA
Mr. Baek,Viki
The Devil,
Golden Cross,Viki
Secret Boutique,SBS World
Secret Boutique, Viki
Happy Sisters,
First Love Again,Viki
The Return of Hwang Geum-Bok,
We Are Dating Now,
Blow Breeze,
Miss Ripley,
Lovers in Prague,
The Musical,
Radiant Office,
The Birth of a Family,
The 3rd Hospital,
Our Gap-soon,Viki
Doctor Frost,
Twelve Nights,Viki
"Oh, the Mysterious",SBS World
"Oh, the Mysterious", Viki
Unstoppable Marriage,
The Full Sun,
Dalkomhan seupai,
Spy,
Drinking Solo,KDRAMA
Pied Piper,
Doctor Detective,Apple TV
Doctor Detective, Viki
Super Daddy Yeol,
Chip In,Viki
Lovers,
First Love,
My Love by My Side,
Wanted,SBS World
Wanted, Viki
Wanted, SBS VOD
Angel's Revenge,KBS World
King's Family,KBS World
Baby Faced Beauty,Viki
Can't Lose,
Neighborhood Lawyer Jo Deul-ho,Viki
The Queen of Office,KBS Drama Classic
The Queen of Office, Viki
Brain,Viki
Wonderful Mama,
Marrying a Millionaire,
Man Who Dies to Live,
Basketball,
Robber,Viki
The Banker,Viki
Model,
Mysterious Personal Shopper,KBS World
Coma,
Masked Prosecutor,KBS World
Masked Prosecutor, Viki
Heaven's Promise,KBS World
Behind the White Tower,Viki
It's My Life,KBS World
I Order You,Viki
Korean Peninsula,
On Air,Viki
Empire of Gold,SBS World
Empire of Gold, Viki
You Are the Only One,KBS World
Shining Days,SBS VOD
Incarnation of Money,SBS World
Capital Scandal,KBS World
Capital Scandal, Viki
"Run, Jang-Mi",
Assembly,Viki
My Heart Twinkle Twinkle,SBS World
My Heart Twinkle Twinkle, Viki
Who Are You?,
Love Returns,KBS World
Unkind Ladies,KBS World
Reset,
Bad Housewife,
Hero,
My Dear Cat,KBS World
Best Chicken,Viki
Ruler of Your Own World,Viki
Melody of Love,KBS World
Spy Myung-wol,
Syndrome,
"Be Strong, Geum-Soon!",
Laurel Tree Tailors,KBS World
Laurel Tree Tailors, Viki
Lights and Shadows,Viki
Two Mothers,KBS World
My Beloved Sister,
Unknown Woman,KBS World
A Thousand Kisses,
Aillaendeu,
The Secret of My Love,KBS World
Gangnam Scandal,
Tomorrow Boy,Viki
Jeogdoui Namja,
Amoreupati,Prime Video
Amoreupati, Viki
"Sweet, Savage Family",Viki
Someday,AsianCrush
A Daughter Just Like You,
Romance,Viki
Surgeon Bong Dal-hee,Viki
Apgujeong Midnight Sun,
Love to the End,KBS World
Sweden Laundry,Viki
Family's Honor,
One Fine Day,
Magic Cellphone,Netflix
Grandpas Over Flowers Investigation Team,
Love on a Rooftop,KBS World
Conspiracy in the Court,
Precious Family,
Byeoleun nae gaseume,
Beating Heart,
Enemies from the Past,
Obeo deo reinbou,    
Happy Ending,
I Love Lee Tae-ri,Viki
Autumn Shower,
Make a Woman Cry,
Love Again,Viki
Your Neighbor's Wife,Viki
Ad Genius Lee Tae Baek,Viki
Yurihwa,
How to Meet a Perfect Neighbor,
The End of the World,
"Please Come Back, Soon-ae",
The Wedding Scheme,
Don't Hesitate,Viki
Into the Flames,
